files;actual_class;prediction;cutoff;predicted_class
D:/GitHub/Datasets/Cats_And_Dogs/train/cats/cat1006.jpg;0;5,606298e-01;0,5;1
D:/GitHub/Datasets/Cats_And_Dogs/train/cats/cat1166.jpg;0;5,927590e-01;0,5;1
D:/GitHub/Datasets/Cats_And_Dogs/train/cats/cat1340.jpg;0;9,474550e-01;0,5;1
D:/GitHub/Datasets/Cats_And_Dogs/train/cats/cat1348.jpg;0;9,834815e-01;0,5;1
D:/GitHub/Datasets/Cats_And_Dogs/train/cats/cat1361.jpg;0;6,147615e-01;0,5;1
D:/GitHub/Datasets/Cats_And_Dogs/train/cats/cat1397.jpg;0;9,294800e-01;0,5;1
D:/GitHub/Datasets/Cats_And_Dogs/train/cats/cat1409.jpg;0;5,743215e-01;0,5;1
D:/GitHub/Datasets/Cats_And_Dogs/train/cats/cat1453.jpg;0;7,529163e-01;0,5;1
D:/GitHub/Datasets/Cats_And_Dogs/train/cats/cat1530.jpg;0;6,753219e-01;0,5;1
D:/GitHub/Datasets/Cats_And_Dogs/train/cats/cat1558.jpg;0;6,528335e-01;0,5;1
D:/GitHub/Datasets/Cats_And_Dogs/train/cats/cat1661.jpg;0;7,970196e-01;0,5;1
D:/GitHub/Datasets/Cats_And_Dogs/train/cats/cat1694.jpg;0;8,783456e-01;0,5;1
D:/GitHub/Datasets/Cats_And_Dogs/train/cats/cat1763.jpg;0;8,605116e-01;0,5;1
D:/GitHub/Datasets/Cats_And_Dogs/train/cats/cat1769.jpg;0;6,284236e-01;0,5;1
D:/GitHub/Datasets/Cats_And_Dogs/train/cats/cat1786.jpg;0;5,416570e-01;0,5;1
D:/GitHub/Datasets/Cats_And_Dogs/train/cats/cat1874.jpg;0;5,175541e-01;0,5;1
D:/GitHub/Datasets/Cats_And_Dogs/train/cats/cat1879.jpg;0;8,140087e-01;0,5;1
D:/GitHub/Datasets/Cats_And_Dogs/train/cats/cat1968.jpg;0;6,569294e-01;0,5;1
D:/GitHub/Datasets/Cats_And_Dogs/train/cats/cat1998.jpg;0;6,829439e-01;0,5;1
D:/GitHub/Datasets/Cats_And_Dogs/train/cats/cat203.jpg;0;5,831535e-01;0,5;1
D:/GitHub/Datasets/Cats_And_Dogs/train/cats/cat204.jpg;0;5,678893e-01;0,5;1
D:/GitHub/Datasets/Cats_And_Dogs/train/cats/cat2051.jpg;0;8,581933e-01;0,5;1
D:/GitHub/Datasets/Cats_And_Dogs/train/cats/cat2058.jpg;0;5,232100e-01;0,5;1
D:/GitHub/Datasets/Cats_And_Dogs/train/cats/cat2097.jpg;0;5,258796e-01;0,5;1
D:/GitHub/Datasets/Cats_And_Dogs/train/cats/cat2159.jpg;0;5,840582e-01;0,5;1
D:/GitHub/Datasets/Cats_And_Dogs/train/cats/cat2183.jpg;0;7,676946e-01;0,5;1
D:/GitHub/Datasets/Cats_And_Dogs/train/cats/cat2216.jpg;0;6,425287e-01;0,5;1
D:/GitHub/Datasets/Cats_And_Dogs/train/cats/cat2253.jpg;0;5,651208e-01;0,5;1
D:/GitHub/Datasets/Cats_And_Dogs/train/cats/cat2255.jpg;0;5,609540e-01;0,5;1
D:/GitHub/Datasets/Cats_And_Dogs/train/cats/cat2289.jpg;0;5,332208e-01;0,5;1
D:/GitHub/Datasets/Cats_And_Dogs/train/cats/cat2339.jpg;0;5,444349e-01;0,5;1
D:/GitHub/Datasets/Cats_And_Dogs/train/cats/cat2393.jpg;0;5,330784e-01;0,5;1
D:/GitHub/Datasets/Cats_And_Dogs/train/cats/cat240.jpg;0;9,119540e-01;0,5;1
D:/GitHub/Datasets/Cats_And_Dogs/train/cats/cat2402.jpg;0;5,297891e-01;0,5;1
D:/GitHub/Datasets/Cats_And_Dogs/train/cats/cat2442.jpg;0;6,716049e-01;0,5;1
D:/GitHub/Datasets/Cats_And_Dogs/train/cats/cat2455.jpg;0;6,287462e-01;0,5;1
D:/GitHub/Datasets/Cats_And_Dogs/train/cats/cat2557.jpg;0;9,213629e-01;0,5;1
D:/GitHub/Datasets/Cats_And_Dogs/train/cats/cat2638.jpg;0;5,041628e-01;0,5;1
D:/GitHub/Datasets/Cats_And_Dogs/train/cats/cat2655.jpg;0;9,533537e-01;0,5;1
D:/GitHub/Datasets/Cats_And_Dogs/train/cats/cat2763.jpg;0;7,349181e-01;0,5;1
D:/GitHub/Datasets/Cats_And_Dogs/train/cats/cat2816.jpg;0;5,104867e-01;0,5;1
D:/GitHub/Datasets/Cats_And_Dogs/train/cats/cat2903.jpg;0;6,638278e-01;0,5;1
D:/GitHub/Datasets/Cats_And_Dogs/train/cats/cat2907.jpg;0;5,380895e-01;0,5;1
D:/GitHub/Datasets/Cats_And_Dogs/train/cats/cat2918.jpg;0;7,893923e-01;0,5;1
D:/GitHub/Datasets/Cats_And_Dogs/train/cats/cat2949.jpg;0;5,152026e-01;0,5;1
D:/GitHub/Datasets/Cats_And_Dogs/train/cats/cat2979.jpg;0;6,229487e-01;0,5;1
D:/GitHub/Datasets/Cats_And_Dogs/train/cats/cat2998.jpg;0;5,182935e-01;0,5;1
D:/GitHub/Datasets/Cats_And_Dogs/train/cats/cat3030.jpg;0;5,840057e-01;0,5;1
D:/GitHub/Datasets/Cats_And_Dogs/train/cats/cat3054.jpg;0;6,723124e-01;0,5;1
D:/GitHub/Datasets/Cats_And_Dogs/train/cats/cat3123.jpg;0;9,554689e-01;0,5;1
D:/GitHub/Datasets/Cats_And_Dogs/train/cats/cat3142.jpg;0;5,422611e-01;0,5;1
D:/GitHub/Datasets/Cats_And_Dogs/train/cats/cat3165.jpg;0;7,316890e-01;0,5;1
D:/GitHub/Datasets/Cats_And_Dogs/train/cats/cat3187.jpg;0;5,743141e-01;0,5;1
D:/GitHub/Datasets/Cats_And_Dogs/train/cats/cat3202.jpg;0;7,741715e-01;0,5;1
D:/GitHub/Datasets/Cats_And_Dogs/train/cats/cat3203.jpg;0;5,968482e-01;0,5;1
D:/GitHub/Datasets/Cats_And_Dogs/train/cats/cat3229.jpg;0;6,046535e-01;0,5;1
D:/GitHub/Datasets/Cats_And_Dogs/train/cats/cat3267.jpg;0;8,389757e-01;0,5;1
D:/GitHub/Datasets/Cats_And_Dogs/train/cats/cat330.jpg;0;6,170251e-01;0,5;1
D:/GitHub/Datasets/Cats_And_Dogs/train/cats/cat3331.jpg;0;9,192468e-01;0,5;1
D:/GitHub/Datasets/Cats_And_Dogs/train/cats/cat3384.jpg;0;6,545880e-01;0,5;1
D:/GitHub/Datasets/Cats_And_Dogs/train/cats/cat3406.jpg;0;6,234267e-01;0,5;1
D:/GitHub/Datasets/Cats_And_Dogs/train/cats/cat3503.jpg;0;8,536865e-01;0,5;1
D:/GitHub/Datasets/Cats_And_Dogs/train/cats/cat3523.jpg;0;6,260751e-01;0,5;1
D:/GitHub/Datasets/Cats_And_Dogs/train/cats/cat3526.jpg;0;9,851888e-01;0,5;1
D:/GitHub/Datasets/Cats_And_Dogs/train/cats/cat3539.jpg;0;7,257543e-01;0,5;1
D:/GitHub/Datasets/Cats_And_Dogs/train/cats/cat3609.jpg;0;7,750548e-01;0,5;1
D:/GitHub/Datasets/Cats_And_Dogs/train/cats/cat3813.jpg;0;5,479751e-01;0,5;1
D:/GitHub/Datasets/Cats_And_Dogs/train/cats/cat3825.jpg;0;6,701447e-01;0,5;1
D:/GitHub/Datasets/Cats_And_Dogs/train/cats/cat3845.jpg;0;6,646323e-01;0,5;1
D:/GitHub/Datasets/Cats_And_Dogs/train/cats/cat3869.jpg;0;7,371309e-01;0,5;1
D:/GitHub/Datasets/Cats_And_Dogs/train/cats/cat3910.jpg;0;8,570174e-01;0,5;1
D:/GitHub/Datasets/Cats_And_Dogs/train/cats/cat4046.jpg;0;6,089332e-01;0,5;1
D:/GitHub/Datasets/Cats_And_Dogs/train/cats/cat406.jpg;0;5,384651e-01;0,5;1
D:/GitHub/Datasets/Cats_And_Dogs/train/cats/cat4118.jpg;0;9,206671e-01;0,5;1
D:/GitHub/Datasets/Cats_And_Dogs/train/cats/cat4146.jpg;0;5,723578e-01;0,5;1
D:/GitHub/Datasets/Cats_And_Dogs/train/cats/cat4187.jpg;0;7,300487e-01;0,5;1
D:/GitHub/Datasets/Cats_And_Dogs/train/cats/cat4202.jpg;0;5,081578e-01;0,5;1
D:/GitHub/Datasets/Cats_And_Dogs/train/cats/cat4268.jpg;0;9,315317e-01;0,5;1
D:/GitHub/Datasets/Cats_And_Dogs/train/cats/cat4329.jpg;0;6,802659e-01;0,5;1
D:/GitHub/Datasets/Cats_And_Dogs/train/cats/cat4474.jpg;0;5,317106e-01;0,5;1
D:/GitHub/Datasets/Cats_And_Dogs/train/cats/cat4498.jpg;0;5,793399e-01;0,5;1
D:/GitHub/Datasets/Cats_And_Dogs/train/cats/cat50.jpg;0;7,279497e-01;0,5;1
D:/GitHub/Datasets/Cats_And_Dogs/train/cats/cat560.jpg;0;6,765633e-01;0,5;1
D:/GitHub/Datasets/Cats_And_Dogs/train/cats/cat614.jpg;0;6,701939e-01;0,5;1
D:/GitHub/Datasets/Cats_And_Dogs/train/cats/cat634.jpg;0;5,019385e-01;0,5;1
D:/GitHub/Datasets/Cats_And_Dogs/train/cats/cat672.jpg;0;6,659753e-01;0,5;1
D:/GitHub/Datasets/Cats_And_Dogs/train/cats/cat748.jpg;0;5,361878e-01;0,5;1
D:/GitHub/Datasets/Cats_And_Dogs/train/cats/cat788.jpg;0;5,407797e-01;0,5;1
D:/GitHub/Datasets/Cats_And_Dogs/train/cats/cat80.jpg;0;5,303316e-01;0,5;1
D:/GitHub/Datasets/Cats_And_Dogs/train/cats/cat803.jpg;0;6,800545e-01;0,5;1
D:/GitHub/Datasets/Cats_And_Dogs/train/cats/cat858.jpg;0;6,562194e-01;0,5;1
D:/GitHub/Datasets/Cats_And_Dogs/train/cats/cat901.jpg;0;5,724853e-01;0,5;1
D:/GitHub/Datasets/Cats_And_Dogs/train/cats/cat941.jpg;0;7,244835e-01;0,5;1
D:/GitHub/Datasets/Cats_And_Dogs/train/cats/cat99.jpg;0;5,600528e-01;0,5;1
D:/GitHub/Datasets/Cats_And_Dogs/train/dogs/dog1012.jpg;1;3,801444e-01;0,5;0
D:/GitHub/Datasets/Cats_And_Dogs/train/dogs/dog1015.jpg;1;4,835841e-01;0,5;0
D:/GitHub/Datasets/Cats_And_Dogs/train/dogs/dog1017.jpg;1;9,486488e-02;0,5;0
D:/GitHub/Datasets/Cats_And_Dogs/train/dogs/dog1018.jpg;1;4,911121e-01;0,5;0
D:/GitHub/Datasets/Cats_And_Dogs/train/dogs/dog1024.jpg;1;2,235760e-01;0,5;0
D:/GitHub/Datasets/Cats_And_Dogs/train/dogs/dog1032.jpg;1;3,883078e-01;0,5;0
D:/GitHub/Datasets/Cats_And_Dogs/train/dogs/dog1044.jpg;1;6,248050e-03;0,5;0
D:/GitHub/Datasets/Cats_And_Dogs/train/dogs/dog1046.jpg;1;6,440345e-02;0,5;0
D:/GitHub/Datasets/Cats_And_Dogs/train/dogs/dog1049.jpg;1;2,336677e-01;0,5;0
D:/GitHub/Datasets/Cats_And_Dogs/train/dogs/dog1054.jpg;1;2,425041e-01;0,5;0
D:/GitHub/Datasets/Cats_And_Dogs/train/dogs/dog1057.jpg;1;3,480988e-01;0,5;0
D:/GitHub/Datasets/Cats_And_Dogs/train/dogs/dog1066.jpg;1;3,765974e-01;0,5;0
D:/GitHub/Datasets/Cats_And_Dogs/train/dogs/dog1074.jpg;1;2,219044e-01;0,5;0
D:/GitHub/Datasets/Cats_And_Dogs/train/dogs/dog1076.jpg;1;2,871194e-01;0,5;0
D:/GitHub/Datasets/Cats_And_Dogs/train/dogs/dog1086.jpg;1;4,802498e-01;0,5;0
D:/GitHub/Datasets/Cats_And_Dogs/train/dogs/dog1094.jpg;1;7,836752e-02;0,5;0
D:/GitHub/Datasets/Cats_And_Dogs/train/dogs/dog1098.jpg;1;2,901954e-02;0,5;0
D:/GitHub/Datasets/Cats_And_Dogs/train/dogs/dog110.jpg;1;2,116624e-01;0,5;0
D:/GitHub/Datasets/Cats_And_Dogs/train/dogs/dog1102.jpg;1;1,435445e-01;0,5;0
D:/GitHub/Datasets/Cats_And_Dogs/train/dogs/dog1104.jpg;1;8,702714e-02;0,5;0
D:/GitHub/Datasets/Cats_And_Dogs/train/dogs/dog1105.jpg;1;4,801722e-01;0,5;0
D:/GitHub/Datasets/Cats_And_Dogs/train/dogs/dog111.jpg;1;4,251414e-01;0,5;0
D:/GitHub/Datasets/Cats_And_Dogs/train/dogs/dog1114.jpg;1;2,161603e-01;0,5;0
D:/GitHub/Datasets/Cats_And_Dogs/train/dogs/dog1117.jpg;1;9,816525e-04;0,5;0
D:/GitHub/Datasets/Cats_And_Dogs/train/dogs/dog1122.jpg;1;1,355295e-01;0,5;0
D:/GitHub/Datasets/Cats_And_Dogs/train/dogs/dog1127.jpg;1;2,572683e-02;0,5;0
D:/GitHub/Datasets/Cats_And_Dogs/train/dogs/dog1129.jpg;1;4,852427e-01;0,5;0
D:/GitHub/Datasets/Cats_And_Dogs/train/dogs/dog1133.jpg;1;6,978400e-02;0,5;0
D:/GitHub/Datasets/Cats_And_Dogs/train/dogs/dog1134.jpg;1;3,116803e-01;0,5;0
D:/GitHub/Datasets/Cats_And_Dogs/train/dogs/dog1137.jpg;1;2,643442e-01;0,5;0
D:/GitHub/Datasets/Cats_And_Dogs/train/dogs/dog1140.jpg;1;2,096352e-02;0,5;0
D:/GitHub/Datasets/Cats_And_Dogs/train/dogs/dog1141.jpg;1;2,134801e-02;0,5;0
D:/GitHub/Datasets/Cats_And_Dogs/train/dogs/dog1145.jpg;1;5,068044e-03;0,5;0
D:/GitHub/Datasets/Cats_And_Dogs/train/dogs/dog1160.jpg;1;7,733814e-02;0,5;0
D:/GitHub/Datasets/Cats_And_Dogs/train/dogs/dog1169.jpg;1;8,167356e-02;0,5;0
D:/GitHub/Datasets/Cats_And_Dogs/train/dogs/dog1171.jpg;1;1,424328e-01;0,5;0
D:/GitHub/Datasets/Cats_And_Dogs/train/dogs/dog1176.jpg;1;1,462750e-01;0,5;0
D:/GitHub/Datasets/Cats_And_Dogs/train/dogs/dog1184.jpg;1;1,301271e-01;0,5;0
D:/GitHub/Datasets/Cats_And_Dogs/train/dogs/dog1185.jpg;1;1,950387e-01;0,5;0
D:/GitHub/Datasets/Cats_And_Dogs/train/dogs/dog1194.jpg;1;2,732971e-01;0,5;0
D:/GitHub/Datasets/Cats_And_Dogs/train/dogs/dog1196.jpg;1;3,923399e-01;0,5;0
D:/GitHub/Datasets/Cats_And_Dogs/train/dogs/dog1198.jpg;1;1,776276e-02;0,5;0
D:/GitHub/Datasets/Cats_And_Dogs/train/dogs/dog1205.jpg;1;2,735386e-01;0,5;0
D:/GitHub/Datasets/Cats_And_Dogs/train/dogs/dog1206.jpg;1;1,610514e-01;0,5;0
D:/GitHub/Datasets/Cats_And_Dogs/train/dogs/dog1208.jpg;1;4,167029e-01;0,5;0
D:/GitHub/Datasets/Cats_And_Dogs/train/dogs/dog1222.jpg;1;2,237346e-01;0,5;0
D:/GitHub/Datasets/Cats_And_Dogs/train/dogs/dog1223.jpg;1;2,195332e-01;0,5;0
D:/GitHub/Datasets/Cats_And_Dogs/train/dogs/dog1226.jpg;1;7,606063e-02;0,5;0
D:/GitHub/Datasets/Cats_And_Dogs/train/dogs/dog1228.jpg;1;2,840853e-01;0,5;0
D:/GitHub/Datasets/Cats_And_Dogs/train/dogs/dog1243.jpg;1;2,844811e-01;0,5;0
D:/GitHub/Datasets/Cats_And_Dogs/train/dogs/dog1244.jpg;1;4,161122e-01;0,5;0
D:/GitHub/Datasets/Cats_And_Dogs/train/dogs/dog1250.jpg;1;2,501686e-01;0,5;0
D:/GitHub/Datasets/Cats_And_Dogs/train/dogs/dog1255.jpg;1;3,544147e-01;0,5;0
D:/GitHub/Datasets/Cats_And_Dogs/train/dogs/dog1256.jpg;1;1,907502e-02;0,5;0
D:/GitHub/Datasets/Cats_And_Dogs/train/dogs/dog1258.jpg;1;1,823184e-01;0,5;0
D:/GitHub/Datasets/Cats_And_Dogs/train/dogs/dog1259.jpg;1;4,020564e-02;0,5;0
D:/GitHub/Datasets/Cats_And_Dogs/train/dogs/dog1279.jpg;1;1,566469e-02;0,5;0
D:/GitHub/Datasets/Cats_And_Dogs/train/dogs/dog1289.jpg;1;2,029843e-02;0,5;0
D:/GitHub/Datasets/Cats_And_Dogs/train/dogs/dog1290.jpg;1;2,408483e-01;0,5;0
D:/GitHub/Datasets/Cats_And_Dogs/train/dogs/dog1303.jpg;1;2,712758e-01;0,5;0
D:/GitHub/Datasets/Cats_And_Dogs/train/dogs/dog1304.jpg;1;2,003035e-01;0,5;0
D:/GitHub/Datasets/Cats_And_Dogs/train/dogs/dog131.jpg;1;2,014644e-01;0,5;0
D:/GitHub/Datasets/Cats_And_Dogs/train/dogs/dog1319.jpg;1;1,813608e-01;0,5;0
D:/GitHub/Datasets/Cats_And_Dogs/train/dogs/dog132.jpg;1;2,209591e-01;0,5;0
D:/GitHub/Datasets/Cats_And_Dogs/train/dogs/dog1322.jpg;1;4,064962e-01;0,5;0
D:/GitHub/Datasets/Cats_And_Dogs/train/dogs/dog133.jpg;1;9,614720e-02;0,5;0
D:/GitHub/Datasets/Cats_And_Dogs/train/dogs/dog1332.jpg;1;2,414965e-01;0,5;0
D:/GitHub/Datasets/Cats_And_Dogs/train/dogs/dog1334.jpg;1;1,477919e-02;0,5;0
D:/GitHub/Datasets/Cats_And_Dogs/train/dogs/dog134.jpg;1;1,466904e-01;0,5;0
D:/GitHub/Datasets/Cats_And_Dogs/train/dogs/dog1343.jpg;1;4,194534e-01;0,5;0
D:/GitHub/Datasets/Cats_And_Dogs/train/dogs/dog1347.jpg;1;8,019054e-03;0,5;0
D:/GitHub/Datasets/Cats_And_Dogs/train/dogs/dog1352.jpg;1;1,375450e-01;0,5;0
D:/GitHub/Datasets/Cats_And_Dogs/train/dogs/dog1359.jpg;1;2,266670e-01;0,5;0
D:/GitHub/Datasets/Cats_And_Dogs/train/dogs/dog1368.jpg;1;4,476044e-01;0,5;0
D:/GitHub/Datasets/Cats_And_Dogs/train/dogs/dog1369.jpg;1;3,282410e-01;0,5;0
D:/GitHub/Datasets/Cats_And_Dogs/train/dogs/dog1370.jpg;1;2,935613e-01;0,5;0
D:/GitHub/Datasets/Cats_And_Dogs/train/dogs/dog1380.jpg;1;3,435889e-01;0,5;0
D:/GitHub/Datasets/Cats_And_Dogs/train/dogs/dog1386.jpg;1;1,670264e-01;0,5;0
D:/GitHub/Datasets/Cats_And_Dogs/train/dogs/dog1388.jpg;1;2,731978e-01;0,5;0
D:/GitHub/Datasets/Cats_And_Dogs/train/dogs/dog1395.jpg;1;3,680097e-01;0,5;0
D:/GitHub/Datasets/Cats_And_Dogs/train/dogs/dog1399.jpg;1;2,116934e-01;0,5;0
D:/GitHub/Datasets/Cats_And_Dogs/train/dogs/dog14.jpg;1;4,665982e-01;0,5;0
D:/GitHub/Datasets/Cats_And_Dogs/train/dogs/dog1403.jpg;1;2,068208e-01;0,5;0
D:/GitHub/Datasets/Cats_And_Dogs/train/dogs/dog1405.jpg;1;1,306603e-01;0,5;0
D:/GitHub/Datasets/Cats_And_Dogs/train/dogs/dog1410.jpg;1;3,136225e-01;0,5;0
D:/GitHub/Datasets/Cats_And_Dogs/train/dogs/dog1416.jpg;1;2,945039e-04;0,5;0
D:/GitHub/Datasets/Cats_And_Dogs/train/dogs/dog1418.jpg;1;1,417377e-02;0,5;0
D:/GitHub/Datasets/Cats_And_Dogs/train/dogs/dog1422.jpg;1;1,535163e-02;0,5;0
D:/GitHub/Datasets/Cats_And_Dogs/train/dogs/dog1433.jpg;1;9,068367e-02;0,5;0
D:/GitHub/Datasets/Cats_And_Dogs/train/dogs/dog1437.jpg;1;7,975562e-02;0,5;0
D:/GitHub/Datasets/Cats_And_Dogs/train/dogs/dog1440.jpg;1;3,331220e-01;0,5;0
D:/GitHub/Datasets/Cats_And_Dogs/train/dogs/dog1442.jpg;1;1,441845e-01;0,5;0
D:/GitHub/Datasets/Cats_And_Dogs/train/dogs/dog145.jpg;1;1,907919e-01;0,5;0
D:/GitHub/Datasets/Cats_And_Dogs/train/dogs/dog1460.jpg;1;4,108005e-02;0,5;0
D:/GitHub/Datasets/Cats_And_Dogs/train/dogs/dog1462.jpg;1;1,595924e-01;0,5;0
D:/GitHub/Datasets/Cats_And_Dogs/train/dogs/dog1469.jpg;1;3,851002e-01;0,5;0
D:/GitHub/Datasets/Cats_And_Dogs/train/dogs/dog1482.jpg;1;2,685105e-01;0,5;0
D:/GitHub/Datasets/Cats_And_Dogs/train/dogs/dog1483.jpg;1;3,469559e-01;0,5;0
D:/GitHub/Datasets/Cats_And_Dogs/train/dogs/dog1489.jpg;1;3,097830e-01;0,5;0
D:/GitHub/Datasets/Cats_And_Dogs/train/dogs/dog1492.jpg;1;1,909182e-01;0,5;0
D:/GitHub/Datasets/Cats_And_Dogs/train/dogs/dog1497.jpg;1;2,565539e-01;0,5;0
D:/GitHub/Datasets/Cats_And_Dogs/train/dogs/dog1513.jpg;1;3,594178e-01;0,5;0
D:/GitHub/Datasets/Cats_And_Dogs/train/dogs/dog1514.jpg;1;1,590737e-01;0,5;0
D:/GitHub/Datasets/Cats_And_Dogs/train/dogs/dog1517.jpg;1;4,487576e-01;0,5;0
D:/GitHub/Datasets/Cats_And_Dogs/train/dogs/dog1518.jpg;1;2,674780e-02;0,5;0
D:/GitHub/Datasets/Cats_And_Dogs/train/dogs/dog1519.jpg;1;1,194382e-04;0,5;0
D:/GitHub/Datasets/Cats_And_Dogs/train/dogs/dog1520.jpg;1;2,074297e-02;0,5;0
D:/GitHub/Datasets/Cats_And_Dogs/train/dogs/dog1524.jpg;1;2,667908e-01;0,5;0
D:/GitHub/Datasets/Cats_And_Dogs/train/dogs/dog1530.jpg;1;4,907218e-01;0,5;0
D:/GitHub/Datasets/Cats_And_Dogs/train/dogs/dog1532.jpg;1;1,286719e-01;0,5;0
D:/GitHub/Datasets/Cats_And_Dogs/train/dogs/dog154.jpg;1;3,267156e-01;0,5;0
D:/GitHub/Datasets/Cats_And_Dogs/train/dogs/dog1545.jpg;1;3,403824e-01;0,5;0
D:/GitHub/Datasets/Cats_And_Dogs/train/dogs/dog1571.jpg;1;2,941019e-01;0,5;0
D:/GitHub/Datasets/Cats_And_Dogs/train/dogs/dog1574.jpg;1;3,492630e-01;0,5;0
D:/GitHub/Datasets/Cats_And_Dogs/train/dogs/dog1585.jpg;1;4,435229e-01;0,5;0
D:/GitHub/Datasets/Cats_And_Dogs/train/dogs/dog1588.jpg;1;2,853371e-01;0,5;0
D:/GitHub/Datasets/Cats_And_Dogs/train/dogs/dog1592.jpg;1;6,469287e-02;0,5;0
D:/GitHub/Datasets/Cats_And_Dogs/train/dogs/dog1593.jpg;1;5,511951e-02;0,5;0
D:/GitHub/Datasets/Cats_And_Dogs/train/dogs/dog1594.jpg;1;3,568968e-01;0,5;0
D:/GitHub/Datasets/Cats_And_Dogs/train/dogs/dog1602.jpg;1;2,799364e-01;0,5;0
D:/GitHub/Datasets/Cats_And_Dogs/train/dogs/dog1622.jpg;1;5,516046e-02;0,5;0
D:/GitHub/Datasets/Cats_And_Dogs/train/dogs/dog1624.jpg;1;6,431804e-03;0,5;0
D:/GitHub/Datasets/Cats_And_Dogs/train/dogs/dog1634.jpg;1;1,324164e-01;0,5;0
D:/GitHub/Datasets/Cats_And_Dogs/train/dogs/dog1643.jpg;1;3,194838e-01;0,5;0
D:/GitHub/Datasets/Cats_And_Dogs/train/dogs/dog1658.jpg;1;2,235433e-01;0,5;0
D:/GitHub/Datasets/Cats_And_Dogs/train/dogs/dog1660.jpg;1;3,347706e-01;0,5;0
D:/GitHub/Datasets/Cats_And_Dogs/train/dogs/dog1664.jpg;1;4,278894e-01;0,5;0
D:/GitHub/Datasets/Cats_And_Dogs/train/dogs/dog1679.jpg;1;4,174405e-01;0,5;0
D:/GitHub/Datasets/Cats_And_Dogs/train/dogs/dog1681.jpg;1;9,722524e-02;0,5;0
D:/GitHub/Datasets/Cats_And_Dogs/train/dogs/dog1685.jpg;1;4,482758e-01;0,5;0
D:/GitHub/Datasets/Cats_And_Dogs/train/dogs/dog1688.jpg;1;2,356059e-01;0,5;0
D:/GitHub/Datasets/Cats_And_Dogs/train/dogs/dog1689.jpg;1;4,789192e-01;0,5;0
D:/GitHub/Datasets/Cats_And_Dogs/train/dogs/dog169.jpg;1;1,049051e-01;0,5;0
D:/GitHub/Datasets/Cats_And_Dogs/train/dogs/dog1690.jpg;1;7,962747e-03;0,5;0
D:/GitHub/Datasets/Cats_And_Dogs/train/dogs/dog1703.jpg;1;1,046747e-01;0,5;0
D:/GitHub/Datasets/Cats_And_Dogs/train/dogs/dog1706.jpg;1;4,872800e-01;0,5;0
D:/GitHub/Datasets/Cats_And_Dogs/train/dogs/dog1708.jpg;1;2,352441e-01;0,5;0
D:/GitHub/Datasets/Cats_And_Dogs/train/dogs/dog1714.jpg;1;2,452375e-01;0,5;0
D:/GitHub/Datasets/Cats_And_Dogs/train/dogs/dog1718.jpg;1;1,784550e-01;0,5;0
D:/GitHub/Datasets/Cats_And_Dogs/train/dogs/dog1720.jpg;1;3,838402e-01;0,5;0
D:/GitHub/Datasets/Cats_And_Dogs/train/dogs/dog1728.jpg;1;3,990216e-01;0,5;0
D:/GitHub/Datasets/Cats_And_Dogs/train/dogs/dog1731.jpg;1;2,565976e-01;0,5;0
D:/GitHub/Datasets/Cats_And_Dogs/train/dogs/dog1733.jpg;1;1,466196e-01;0,5;0
D:/GitHub/Datasets/Cats_And_Dogs/train/dogs/dog1734.jpg;1;2,386857e-02;0,5;0
D:/GitHub/Datasets/Cats_And_Dogs/train/dogs/dog1735.jpg;1;4,806093e-01;0,5;0
D:/GitHub/Datasets/Cats_And_Dogs/train/dogs/dog1742.jpg;1;3,498147e-01;0,5;0
D:/GitHub/Datasets/Cats_And_Dogs/train/dogs/dog1746.jpg;1;3,729684e-02;0,5;0
D:/GitHub/Datasets/Cats_And_Dogs/train/dogs/dog1750.jpg;1;3,329642e-02;0,5;0
D:/GitHub/Datasets/Cats_And_Dogs/train/dogs/dog1755.jpg;1;2,659387e-01;0,5;0
D:/GitHub/Datasets/Cats_And_Dogs/train/dogs/dog1765.jpg;1;7,234270e-02;0,5;0
D:/GitHub/Datasets/Cats_And_Dogs/train/dogs/dog1766.jpg;1;8,348297e-02;0,5;0
D:/GitHub/Datasets/Cats_And_Dogs/train/dogs/dog1779.jpg;1;2,603489e-01;0,5;0
D:/GitHub/Datasets/Cats_And_Dogs/train/dogs/dog178.jpg;1;2,735136e-01;0,5;0
D:/GitHub/Datasets/Cats_And_Dogs/train/dogs/dog1789.jpg;1;3,154837e-01;0,5;0
D:/GitHub/Datasets/Cats_And_Dogs/train/dogs/dog1790.jpg;1;1,766121e-01;0,5;0
D:/GitHub/Datasets/Cats_And_Dogs/train/dogs/dog1793.jpg;1;3,378699e-01;0,5;0
D:/GitHub/Datasets/Cats_And_Dogs/train/dogs/dog1794.jpg;1;3,918483e-01;0,5;0
D:/GitHub/Datasets/Cats_And_Dogs/train/dogs/dog1795.jpg;1;2,369735e-01;0,5;0
D:/GitHub/Datasets/Cats_And_Dogs/train/dogs/dog1796.jpg;1;3,263958e-01;0,5;0
D:/GitHub/Datasets/Cats_And_Dogs/train/dogs/dog18.jpg;1;7,500025e-02;0,5;0
D:/GitHub/Datasets/Cats_And_Dogs/train/dogs/dog1804.jpg;1;6,831273e-02;0,5;0
D:/GitHub/Datasets/Cats_And_Dogs/train/dogs/dog1818.jpg;1;3,754508e-01;0,5;0
D:/GitHub/Datasets/Cats_And_Dogs/train/dogs/dog1823.jpg;1;1,711914e-01;0,5;0
D:/GitHub/Datasets/Cats_And_Dogs/train/dogs/dog1825.jpg;1;1,557530e-01;0,5;0
D:/GitHub/Datasets/Cats_And_Dogs/train/dogs/dog1827.jpg;1;7,846958e-02;0,5;0
D:/GitHub/Datasets/Cats_And_Dogs/train/dogs/dog1830.jpg;1;1,548768e-01;0,5;0
D:/GitHub/Datasets/Cats_And_Dogs/train/dogs/dog1835.jpg;1;1,980530e-01;0,5;0
D:/GitHub/Datasets/Cats_And_Dogs/train/dogs/dog1844.jpg;1;1,737024e-01;0,5;0
D:/GitHub/Datasets/Cats_And_Dogs/train/dogs/dog1849.jpg;1;6,628818e-03;0,5;0
D:/GitHub/Datasets/Cats_And_Dogs/train/dogs/dog1853.jpg;1;3,310383e-01;0,5;0
D:/GitHub/Datasets/Cats_And_Dogs/train/dogs/dog1857.jpg;1;4,409154e-01;0,5;0
D:/GitHub/Datasets/Cats_And_Dogs/train/dogs/dog1858.jpg;1;3,535992e-01;0,5;0
D:/GitHub/Datasets/Cats_And_Dogs/train/dogs/dog1869.jpg;1;4,747249e-01;0,5;0
D:/GitHub/Datasets/Cats_And_Dogs/train/dogs/dog187.jpg;1;3,130385e-01;0,5;0
D:/GitHub/Datasets/Cats_And_Dogs/train/dogs/dog1872.jpg;1;7,541090e-03;0,5;0
D:/GitHub/Datasets/Cats_And_Dogs/train/dogs/dog1874.jpg;1;1,484073e-01;0,5;0
D:/GitHub/Datasets/Cats_And_Dogs/train/dogs/dog1878.jpg;1;2,025480e-02;0,5;0
D:/GitHub/Datasets/Cats_And_Dogs/train/dogs/dog1879.jpg;1;3,817532e-01;0,5;0
D:/GitHub/Datasets/Cats_And_Dogs/train/dogs/dog1883.jpg;1;4,163684e-02;0,5;0
D:/GitHub/Datasets/Cats_And_Dogs/train/dogs/dog1896.jpg;1;5,497573e-02;0,5;0
D:/GitHub/Datasets/Cats_And_Dogs/train/dogs/dog1897.jpg;1;3,973102e-01;0,5;0
D:/GitHub/Datasets/Cats_And_Dogs/train/dogs/dog1898.jpg;1;5,634075e-02;0,5;0
D:/GitHub/Datasets/Cats_And_Dogs/train/dogs/dog19.jpg;1;1,452449e-01;0,5;0
D:/GitHub/Datasets/Cats_And_Dogs/train/dogs/dog1907.jpg;1;4,666421e-03;0,5;0
D:/GitHub/Datasets/Cats_And_Dogs/train/dogs/dog1915.jpg;1;1,727263e-01;0,5;0
D:/GitHub/Datasets/Cats_And_Dogs/train/dogs/dog1917.jpg;1;3,065376e-01;0,5;0
D:/GitHub/Datasets/Cats_And_Dogs/train/dogs/dog1922.jpg;1;1,688968e-03;0,5;0
D:/GitHub/Datasets/Cats_And_Dogs/train/dogs/dog1923.jpg;1;1,732410e-01;0,5;0
D:/GitHub/Datasets/Cats_And_Dogs/train/dogs/dog1932.jpg;1;2,156183e-01;0,5;0
D:/GitHub/Datasets/Cats_And_Dogs/train/dogs/dog1957.jpg;1;7,195397e-02;0,5;0
D:/GitHub/Datasets/Cats_And_Dogs/train/dogs/dog1960.jpg;1;3,468883e-01;0,5;0
D:/GitHub/Datasets/Cats_And_Dogs/train/dogs/dog1963.jpg;1;7,302324e-02;0,5;0
D:/GitHub/Datasets/Cats_And_Dogs/train/dogs/dog1968.jpg;1;7,146688e-02;0,5;0
D:/GitHub/Datasets/Cats_And_Dogs/train/dogs/dog1974.jpg;1;3,290391e-02;0,5;0
D:/GitHub/Datasets/Cats_And_Dogs/train/dogs/dog1978.jpg;1;9,660099e-02;0,5;0
D:/GitHub/Datasets/Cats_And_Dogs/train/dogs/dog1981.jpg;1;4,125966e-01;0,5;0
D:/GitHub/Datasets/Cats_And_Dogs/train/dogs/dog1996.jpg;1;9,907600e-03;0,5;0
D:/GitHub/Datasets/Cats_And_Dogs/train/dogs/dog1997.jpg;1;4,719492e-01;0,5;0
D:/GitHub/Datasets/Cats_And_Dogs/train/dogs/dog1998.jpg;1;1,604562e-01;0,5;0
D:/GitHub/Datasets/Cats_And_Dogs/train/dogs/dog2003.jpg;1;1,386999e-01;0,5;0
D:/GitHub/Datasets/Cats_And_Dogs/train/dogs/dog2007.jpg;1;3,596484e-01;0,5;0
D:/GitHub/Datasets/Cats_And_Dogs/train/dogs/dog2009.jpg;1;7,203516e-02;0,5;0
D:/GitHub/Datasets/Cats_And_Dogs/train/dogs/dog2016.jpg;1;4,814501e-01;0,5;0
D:/GitHub/Datasets/Cats_And_Dogs/train/dogs/dog2018.jpg;1;4,310863e-01;0,5;0
D:/GitHub/Datasets/Cats_And_Dogs/train/dogs/dog2021.jpg;1;6,314734e-02;0,5;0
D:/GitHub/Datasets/Cats_And_Dogs/train/dogs/dog2023.jpg;1;4,759596e-01;0,5;0
D:/GitHub/Datasets/Cats_And_Dogs/train/dogs/dog2026.jpg;1;4,422301e-02;0,5;0
D:/GitHub/Datasets/Cats_And_Dogs/train/dogs/dog2034.jpg;1;1,425856e-02;0,5;0
D:/GitHub/Datasets/Cats_And_Dogs/train/dogs/dog204.jpg;1;3,733953e-02;0,5;0
D:/GitHub/Datasets/Cats_And_Dogs/train/dogs/dog2040.jpg;1;1,303354e-01;0,5;0
D:/GitHub/Datasets/Cats_And_Dogs/train/dogs/dog2043.jpg;1;3,057168e-01;0,5;0
D:/GitHub/Datasets/Cats_And_Dogs/train/dogs/dog205.jpg;1;4,810125e-01;0,5;0
D:/GitHub/Datasets/Cats_And_Dogs/train/dogs/dog2051.jpg;1;3,747392e-01;0,5;0
D:/GitHub/Datasets/Cats_And_Dogs/train/dogs/dog2052.jpg;1;3,067434e-02;0,5;0
D:/GitHub/Datasets/Cats_And_Dogs/train/dogs/dog2057.jpg;1;2,151004e-02;0,5;0
D:/GitHub/Datasets/Cats_And_Dogs/train/dogs/dog2061.jpg;1;3,053856e-01;0,5;0
D:/GitHub/Datasets/Cats_And_Dogs/train/dogs/dog2063.jpg;1;1,925224e-02;0,5;0
D:/GitHub/Datasets/Cats_And_Dogs/train/dogs/dog2069.jpg;1;7,752519e-02;0,5;0
D:/GitHub/Datasets/Cats_And_Dogs/train/dogs/dog207.jpg;1;1,027848e-01;0,5;0
D:/GitHub/Datasets/Cats_And_Dogs/train/dogs/dog2078.jpg;1;2,401770e-01;0,5;0
D:/GitHub/Datasets/Cats_And_Dogs/train/dogs/dog2079.jpg;1;4,872635e-01;0,5;0
D:/GitHub/Datasets/Cats_And_Dogs/train/dogs/dog208.jpg;1;3,934508e-01;0,5;0
D:/GitHub/Datasets/Cats_And_Dogs/train/dogs/dog2082.jpg;1;1,983957e-02;0,5;0
D:/GitHub/Datasets/Cats_And_Dogs/train/dogs/dog209.jpg;1;3,369736e-01;0,5;0
D:/GitHub/Datasets/Cats_And_Dogs/train/dogs/dog2090.jpg;1;3,113660e-01;0,5;0
D:/GitHub/Datasets/Cats_And_Dogs/train/dogs/dog2092.jpg;1;4,443556e-01;0,5;0
D:/GitHub/Datasets/Cats_And_Dogs/train/dogs/dog2093.jpg;1;4,229380e-01;0,5;0
D:/GitHub/Datasets/Cats_And_Dogs/train/dogs/dog2096.jpg;1;2,890196e-01;0,5;0
D:/GitHub/Datasets/Cats_And_Dogs/train/dogs/dog2102.jpg;1;3,288655e-01;0,5;0
D:/GitHub/Datasets/Cats_And_Dogs/train/dogs/dog2108.jpg;1;2,323878e-01;0,5;0
D:/GitHub/Datasets/Cats_And_Dogs/train/dogs/dog2109.jpg;1;3,358267e-01;0,5;0
D:/GitHub/Datasets/Cats_And_Dogs/train/dogs/dog2111.jpg;1;2,431150e-01;0,5;0
D:/GitHub/Datasets/Cats_And_Dogs/train/dogs/dog2120.jpg;1;2,455381e-01;0,5;0
D:/GitHub/Datasets/Cats_And_Dogs/train/dogs/dog2125.jpg;1;4,150875e-01;0,5;0
D:/GitHub/Datasets/Cats_And_Dogs/train/dogs/dog2146.jpg;1;1,029930e-02;0,5;0
D:/GitHub/Datasets/Cats_And_Dogs/train/dogs/dog2149.jpg;1;4,760985e-01;0,5;0
D:/GitHub/Datasets/Cats_And_Dogs/train/dogs/dog2151.jpg;1;4,785968e-01;0,5;0
D:/GitHub/Datasets/Cats_And_Dogs/train/dogs/dog2155.jpg;1;1,771923e-01;0,5;0
D:/GitHub/Datasets/Cats_And_Dogs/train/dogs/dog2172.jpg;1;1,693581e-01;0,5;0
D:/GitHub/Datasets/Cats_And_Dogs/train/dogs/dog2182.jpg;1;4,902372e-01;0,5;0
D:/GitHub/Datasets/Cats_And_Dogs/train/dogs/dog2186.jpg;1;1,995509e-01;0,5;0
D:/GitHub/Datasets/Cats_And_Dogs/train/dogs/dog2187.jpg;1;2,288574e-01;0,5;0
D:/GitHub/Datasets/Cats_And_Dogs/train/dogs/dog2189.jpg;1;4,846263e-03;0,5;0
D:/GitHub/Datasets/Cats_And_Dogs/train/dogs/dog2193.jpg;1;4,156836e-02;0,5;0
D:/GitHub/Datasets/Cats_And_Dogs/train/dogs/dog2197.jpg;1;2,797674e-01;0,5;0
D:/GitHub/Datasets/Cats_And_Dogs/train/dogs/dog2201.jpg;1;2,721333e-01;0,5;0
D:/GitHub/Datasets/Cats_And_Dogs/train/dogs/dog2206.jpg;1;4,645348e-01;0,5;0
D:/GitHub/Datasets/Cats_And_Dogs/train/dogs/dog2210.jpg;1;4,082012e-01;0,5;0
D:/GitHub/Datasets/Cats_And_Dogs/train/dogs/dog2213.jpg;1;2,732350e-01;0,5;0
D:/GitHub/Datasets/Cats_And_Dogs/train/dogs/dog2216.jpg;1;4,397320e-01;0,5;0
D:/GitHub/Datasets/Cats_And_Dogs/train/dogs/dog2220.jpg;1;4,858836e-01;0,5;0
D:/GitHub/Datasets/Cats_And_Dogs/train/dogs/dog2223.jpg;1;3,766581e-02;0,5;0
D:/GitHub/Datasets/Cats_And_Dogs/train/dogs/dog2225.jpg;1;3,762523e-01;0,5;0
D:/GitHub/Datasets/Cats_And_Dogs/train/dogs/dog2230.jpg;1;3,601882e-01;0,5;0
D:/GitHub/Datasets/Cats_And_Dogs/train/dogs/dog2235.jpg;1;2,627159e-01;0,5;0
D:/GitHub/Datasets/Cats_And_Dogs/train/dogs/dog2237.jpg;1;2,405332e-01;0,5;0
D:/GitHub/Datasets/Cats_And_Dogs/train/dogs/dog2238.jpg;1;3,961377e-01;0,5;0
D:/GitHub/Datasets/Cats_And_Dogs/train/dogs/dog2244.jpg;1;2,503264e-01;0,5;0
D:/GitHub/Datasets/Cats_And_Dogs/train/dogs/dog2252.jpg;1;3,999567e-01;0,5;0
D:/GitHub/Datasets/Cats_And_Dogs/train/dogs/dog226.jpg;1;1,710320e-01;0,5;0
D:/GitHub/Datasets/Cats_And_Dogs/train/dogs/dog2265.jpg;1;4,991779e-01;0,5;0
D:/GitHub/Datasets/Cats_And_Dogs/train/dogs/dog2268.jpg;1;4,565523e-01;0,5;0
D:/GitHub/Datasets/Cats_And_Dogs/train/dogs/dog2293.jpg;1;4,578268e-01;0,5;0
D:/GitHub/Datasets/Cats_And_Dogs/train/dogs/dog2297.jpg;1;3,240539e-01;0,5;0
D:/GitHub/Datasets/Cats_And_Dogs/train/dogs/dog2298.jpg;1;1,479859e-01;0,5;0
D:/GitHub/Datasets/Cats_And_Dogs/train/dogs/dog2301.jpg;1;2,675200e-01;0,5;0
D:/GitHub/Datasets/Cats_And_Dogs/train/dogs/dog2314.jpg;1;4,096472e-01;0,5;0
D:/GitHub/Datasets/Cats_And_Dogs/train/dogs/dog2321.jpg;1;8,048088e-04;0,5;0
D:/GitHub/Datasets/Cats_And_Dogs/train/dogs/dog2327.jpg;1;6,475881e-02;0,5;0
D:/GitHub/Datasets/Cats_And_Dogs/train/dogs/dog2329.jpg;1;1,513690e-02;0,5;0
D:/GitHub/Datasets/Cats_And_Dogs/train/dogs/dog2334.jpg;1;4,331746e-02;0,5;0
D:/GitHub/Datasets/Cats_And_Dogs/train/dogs/dog2341.jpg;1;1,242818e-02;0,5;0
D:/GitHub/Datasets/Cats_And_Dogs/train/dogs/dog2360.jpg;1;4,935001e-01;0,5;0
D:/GitHub/Datasets/Cats_And_Dogs/train/dogs/dog2361.jpg;1;2,717290e-01;0,5;0
D:/GitHub/Datasets/Cats_And_Dogs/train/dogs/dog2362.jpg;1;2,319649e-01;0,5;0
D:/GitHub/Datasets/Cats_And_Dogs/train/dogs/dog2370.jpg;1;3,585458e-01;0,5;0
D:/GitHub/Datasets/Cats_And_Dogs/train/dogs/dog2372.jpg;1;4,334351e-01;0,5;0
D:/GitHub/Datasets/Cats_And_Dogs/train/dogs/dog2373.jpg;1;4,495890e-01;0,5;0
D:/GitHub/Datasets/Cats_And_Dogs/train/dogs/dog2377.jpg;1;1,567719e-01;0,5;0
D:/GitHub/Datasets/Cats_And_Dogs/train/dogs/dog2383.jpg;1;4,791860e-01;0,5;0
D:/GitHub/Datasets/Cats_And_Dogs/train/dogs/dog2387.jpg;1;4,629263e-01;0,5;0
D:/GitHub/Datasets/Cats_And_Dogs/train/dogs/dog239.jpg;1;3,147217e-01;0,5;0
D:/GitHub/Datasets/Cats_And_Dogs/train/dogs/dog2393.jpg;1;2,896268e-01;0,5;0
D:/GitHub/Datasets/Cats_And_Dogs/train/dogs/dog2395.jpg;1;3,902545e-01;0,5;0
D:/GitHub/Datasets/Cats_And_Dogs/train/dogs/dog2397.jpg;1;4,450416e-01;0,5;0
D:/GitHub/Datasets/Cats_And_Dogs/train/dogs/dog2400.jpg;1;2,743825e-01;0,5;0
D:/GitHub/Datasets/Cats_And_Dogs/train/dogs/dog2401.jpg;1;9,776313e-03;0,5;0
D:/GitHub/Datasets/Cats_And_Dogs/train/dogs/dog2414.jpg;1;4,319244e-01;0,5;0
D:/GitHub/Datasets/Cats_And_Dogs/train/dogs/dog2418.jpg;1;1,923741e-02;0,5;0
D:/GitHub/Datasets/Cats_And_Dogs/train/dogs/dog2420.jpg;1;4,528371e-01;0,5;0
D:/GitHub/Datasets/Cats_And_Dogs/train/dogs/dog2421.jpg;1;2,021231e-01;0,5;0
D:/GitHub/Datasets/Cats_And_Dogs/train/dogs/dog2424.jpg;1;6,290587e-02;0,5;0
D:/GitHub/Datasets/Cats_And_Dogs/train/dogs/dog2429.jpg;1;1,984493e-01;0,5;0
D:/GitHub/Datasets/Cats_And_Dogs/train/dogs/dog2430.jpg;1;4,305528e-03;0,5;0
D:/GitHub/Datasets/Cats_And_Dogs/train/dogs/dog2435.jpg;1;6,591810e-02;0,5;0
D:/GitHub/Datasets/Cats_And_Dogs/train/dogs/dog2436.jpg;1;2,302512e-01;0,5;0
D:/GitHub/Datasets/Cats_And_Dogs/train/dogs/dog2447.jpg;1;1,180496e-02;0,5;0
D:/GitHub/Datasets/Cats_And_Dogs/train/dogs/dog2458.jpg;1;1,931806e-01;0,5;0
D:/GitHub/Datasets/Cats_And_Dogs/train/dogs/dog2462.jpg;1;6,749593e-09;0,5;0
D:/GitHub/Datasets/Cats_And_Dogs/train/dogs/dog2464.jpg;1;4,582945e-01;0,5;0
D:/GitHub/Datasets/Cats_And_Dogs/train/dogs/dog2471.jpg;1;3,814202e-01;0,5;0
D:/GitHub/Datasets/Cats_And_Dogs/train/dogs/dog2476.jpg;1;4,567094e-01;0,5;0
D:/GitHub/Datasets/Cats_And_Dogs/train/dogs/dog2481.jpg;1;7,526961e-02;0,5;0
D:/GitHub/Datasets/Cats_And_Dogs/train/dogs/dog2485.jpg;1;3,827504e-01;0,5;0
D:/GitHub/Datasets/Cats_And_Dogs/train/dogs/dog2488.jpg;1;2,641544e-01;0,5;0
D:/GitHub/Datasets/Cats_And_Dogs/train/dogs/dog2491.jpg;1;3,855550e-01;0,5;0
D:/GitHub/Datasets/Cats_And_Dogs/train/dogs/dog2494.jpg;1;2,974978e-01;0,5;0
D:/GitHub/Datasets/Cats_And_Dogs/train/dogs/dog2508.jpg;1;1,517280e-01;0,5;0
D:/GitHub/Datasets/Cats_And_Dogs/train/dogs/dog2510.jpg;1;2,863202e-01;0,5;0
D:/GitHub/Datasets/Cats_And_Dogs/train/dogs/dog2513.jpg;1;3,793426e-01;0,5;0
D:/GitHub/Datasets/Cats_And_Dogs/train/dogs/dog2516.jpg;1;6,688947e-02;0,5;0
D:/GitHub/Datasets/Cats_And_Dogs/train/dogs/dog2522.jpg;1;1,564980e-02;0,5;0
D:/GitHub/Datasets/Cats_And_Dogs/train/dogs/dog2526.jpg;1;1,102164e-01;0,5;0
D:/GitHub/Datasets/Cats_And_Dogs/train/dogs/dog2528.jpg;1;4,963693e-01;0,5;0
D:/GitHub/Datasets/Cats_And_Dogs/train/dogs/dog2531.jpg;1;4,248147e-01;0,5;0
D:/GitHub/Datasets/Cats_And_Dogs/train/dogs/dog2535.jpg;1;1,884948e-01;0,5;0
D:/GitHub/Datasets/Cats_And_Dogs/train/dogs/dog2538.jpg;1;3,579031e-01;0,5;0
D:/GitHub/Datasets/Cats_And_Dogs/train/dogs/dog2540.jpg;1;2,801641e-01;0,5;0
D:/GitHub/Datasets/Cats_And_Dogs/train/dogs/dog2559.jpg;1;3,305115e-01;0,5;0
D:/GitHub/Datasets/Cats_And_Dogs/train/dogs/dog2566.jpg;1;3,322409e-01;0,5;0
D:/GitHub/Datasets/Cats_And_Dogs/train/dogs/dog2567.jpg;1;3,879274e-01;0,5;0
D:/GitHub/Datasets/Cats_And_Dogs/train/dogs/dog2577.jpg;1;4,019843e-01;0,5;0
D:/GitHub/Datasets/Cats_And_Dogs/train/dogs/dog2578.jpg;1;2,972981e-01;0,5;0
D:/GitHub/Datasets/Cats_And_Dogs/train/dogs/dog2579.jpg;1;3,958880e-01;0,5;0
D:/GitHub/Datasets/Cats_And_Dogs/train/dogs/dog2581.jpg;1;2,599731e-01;0,5;0
D:/GitHub/Datasets/Cats_And_Dogs/train/dogs/dog2582.jpg;1;4,116706e-02;0,5;0
D:/GitHub/Datasets/Cats_And_Dogs/train/dogs/dog2588.jpg;1;2,795530e-02;0,5;0
D:/GitHub/Datasets/Cats_And_Dogs/train/dogs/dog2591.jpg;1;4,003871e-01;0,5;0
D:/GitHub/Datasets/Cats_And_Dogs/train/dogs/dog2592.jpg;1;4,707346e-02;0,5;0
D:/GitHub/Datasets/Cats_And_Dogs/train/dogs/dog2595.jpg;1;4,150999e-01;0,5;0
D:/GitHub/Datasets/Cats_And_Dogs/train/dogs/dog2598.jpg;1;3,788818e-01;0,5;0
D:/GitHub/Datasets/Cats_And_Dogs/train/dogs/dog2601.jpg;1;5,983560e-02;0,5;0
D:/GitHub/Datasets/Cats_And_Dogs/train/dogs/dog2609.jpg;1;2,728542e-01;0,5;0
D:/GitHub/Datasets/Cats_And_Dogs/train/dogs/dog2611.jpg;1;4,462478e-01;0,5;0
D:/GitHub/Datasets/Cats_And_Dogs/train/dogs/dog2615.jpg;1;3,314787e-01;0,5;0
D:/GitHub/Datasets/Cats_And_Dogs/train/dogs/dog2620.jpg;1;1,962708e-03;0,5;0
D:/GitHub/Datasets/Cats_And_Dogs/train/dogs/dog2623.jpg;1;2,913850e-01;0,5;0
D:/GitHub/Datasets/Cats_And_Dogs/train/dogs/dog2624.jpg;1;4,055519e-02;0,5;0
D:/GitHub/Datasets/Cats_And_Dogs/train/dogs/dog263.jpg;1;4,008384e-01;0,5;0
D:/GitHub/Datasets/Cats_And_Dogs/train/dogs/dog2632.jpg;1;5,013262e-02;0,5;0
D:/GitHub/Datasets/Cats_And_Dogs/train/dogs/dog2641.jpg;1;4,161167e-01;0,5;0
D:/GitHub/Datasets/Cats_And_Dogs/train/dogs/dog2644.jpg;1;4,714216e-02;0,5;0
D:/GitHub/Datasets/Cats_And_Dogs/train/dogs/dog265.jpg;1;3,832897e-01;0,5;0
D:/GitHub/Datasets/Cats_And_Dogs/train/dogs/dog2651.jpg;1;1,518270e-01;0,5;0
D:/GitHub/Datasets/Cats_And_Dogs/train/dogs/dog2658.jpg;1;2,789774e-01;0,5;0
D:/GitHub/Datasets/Cats_And_Dogs/train/dogs/dog2661.jpg;1;2,701975e-01;0,5;0
D:/GitHub/Datasets/Cats_And_Dogs/train/dogs/dog2662.jpg;1;4,006874e-02;0,5;0
D:/GitHub/Datasets/Cats_And_Dogs/train/dogs/dog2670.jpg;1;8,075424e-02;0,5;0
D:/GitHub/Datasets/Cats_And_Dogs/train/dogs/dog2674.jpg;1;4,812028e-01;0,5;0
D:/GitHub/Datasets/Cats_And_Dogs/train/dogs/dog2675.jpg;1;9,429049e-02;0,5;0
D:/GitHub/Datasets/Cats_And_Dogs/train/dogs/dog2694.jpg;1;6,482793e-02;0,5;0
D:/GitHub/Datasets/Cats_And_Dogs/train/dogs/dog2704.jpg;1;3,912724e-01;0,5;0
D:/GitHub/Datasets/Cats_And_Dogs/train/dogs/dog2705.jpg;1;3,522860e-01;0,5;0
D:/GitHub/Datasets/Cats_And_Dogs/train/dogs/dog2706.jpg;1;3,100860e-01;0,5;0
D:/GitHub/Datasets/Cats_And_Dogs/train/dogs/dog271.jpg;1;1,956431e-01;0,5;0
D:/GitHub/Datasets/Cats_And_Dogs/train/dogs/dog2710.jpg;1;1,535987e-01;0,5;0
D:/GitHub/Datasets/Cats_And_Dogs/train/dogs/dog2714.jpg;1;3,849657e-01;0,5;0
D:/GitHub/Datasets/Cats_And_Dogs/train/dogs/dog2718.jpg;1;3,703722e-01;0,5;0
D:/GitHub/Datasets/Cats_And_Dogs/train/dogs/dog2728.jpg;1;1,126003e-02;0,5;0
D:/GitHub/Datasets/Cats_And_Dogs/train/dogs/dog273.jpg;1;1,419001e-03;0,5;0
D:/GitHub/Datasets/Cats_And_Dogs/train/dogs/dog2730.jpg;1;4,372337e-01;0,5;0
D:/GitHub/Datasets/Cats_And_Dogs/train/dogs/dog2749.jpg;1;2,275652e-01;0,5;0
D:/GitHub/Datasets/Cats_And_Dogs/train/dogs/dog2764.jpg;1;3,411712e-01;0,5;0
D:/GitHub/Datasets/Cats_And_Dogs/train/dogs/dog2772.jpg;1;3,705330e-01;0,5;0
D:/GitHub/Datasets/Cats_And_Dogs/train/dogs/dog2773.jpg;1;3,860820e-01;0,5;0
D:/GitHub/Datasets/Cats_And_Dogs/train/dogs/dog2776.jpg;1;1,369151e-01;0,5;0
D:/GitHub/Datasets/Cats_And_Dogs/train/dogs/dog2786.jpg;1;4,374456e-01;0,5;0
D:/GitHub/Datasets/Cats_And_Dogs/train/dogs/dog2799.jpg;1;3,642565e-01;0,5;0
D:/GitHub/Datasets/Cats_And_Dogs/train/dogs/dog280.jpg;1;2,040978e-01;0,5;0
D:/GitHub/Datasets/Cats_And_Dogs/train/dogs/dog2801.jpg;1;4,625440e-01;0,5;0
D:/GitHub/Datasets/Cats_And_Dogs/train/dogs/dog2808.jpg;1;4,982481e-01;0,5;0
D:/GitHub/Datasets/Cats_And_Dogs/train/dogs/dog2810.jpg;1;2,794255e-01;0,5;0
D:/GitHub/Datasets/Cats_And_Dogs/train/dogs/dog2820.jpg;1;1,840628e-01;0,5;0
D:/GitHub/Datasets/Cats_And_Dogs/train/dogs/dog2828.jpg;1;4,868363e-01;0,5;0
D:/GitHub/Datasets/Cats_And_Dogs/train/dogs/dog2831.jpg;1;4,558226e-01;0,5;0
D:/GitHub/Datasets/Cats_And_Dogs/train/dogs/dog2836.jpg;1;7,957061e-02;0,5;0
D:/GitHub/Datasets/Cats_And_Dogs/train/dogs/dog2838.jpg;1;4,912736e-01;0,5;0
D:/GitHub/Datasets/Cats_And_Dogs/train/dogs/dog2839.jpg;1;1,846774e-01;0,5;0
D:/GitHub/Datasets/Cats_And_Dogs/train/dogs/dog2843.jpg;1;8,072103e-02;0,5;0
D:/GitHub/Datasets/Cats_And_Dogs/train/dogs/dog2855.jpg;1;1,261682e-01;0,5;0
D:/GitHub/Datasets/Cats_And_Dogs/train/dogs/dog2860.jpg;1;3,955939e-01;0,5;0
D:/GitHub/Datasets/Cats_And_Dogs/train/dogs/dog2862.jpg;1;2,062245e-01;0,5;0
D:/GitHub/Datasets/Cats_And_Dogs/train/dogs/dog2864.jpg;1;1,856654e-01;0,5;0
D:/GitHub/Datasets/Cats_And_Dogs/train/dogs/dog287.jpg;1;3,944859e-01;0,5;0
D:/GitHub/Datasets/Cats_And_Dogs/train/dogs/dog2884.jpg;1;2,178984e-01;0,5;0
D:/GitHub/Datasets/Cats_And_Dogs/train/dogs/dog2886.jpg;1;1,940652e-02;0,5;0
D:/GitHub/Datasets/Cats_And_Dogs/train/dogs/dog2894.jpg;1;4,879965e-02;0,5;0
D:/GitHub/Datasets/Cats_And_Dogs/train/dogs/dog2897.jpg;1;3,196670e-01;0,5;0
D:/GitHub/Datasets/Cats_And_Dogs/train/dogs/dog29.jpg;1;2,171484e-01;0,5;0
D:/GitHub/Datasets/Cats_And_Dogs/train/dogs/dog2914.jpg;1;1,444051e-01;0,5;0
D:/GitHub/Datasets/Cats_And_Dogs/train/dogs/dog2920.jpg;1;2,613500e-01;0,5;0
D:/GitHub/Datasets/Cats_And_Dogs/train/dogs/dog2924.jpg;1;3,052422e-01;0,5;0
D:/GitHub/Datasets/Cats_And_Dogs/train/dogs/dog2925.jpg;1;1,694156e-01;0,5;0
D:/GitHub/Datasets/Cats_And_Dogs/train/dogs/dog293.jpg;1;1,601437e-01;0,5;0
D:/GitHub/Datasets/Cats_And_Dogs/train/dogs/dog2930.jpg;1;6,779166e-02;0,5;0
D:/GitHub/Datasets/Cats_And_Dogs/train/dogs/dog2931.jpg;1;1,111150e-01;0,5;0
D:/GitHub/Datasets/Cats_And_Dogs/train/dogs/dog2938.jpg;1;3,092596e-01;0,5;0
D:/GitHub/Datasets/Cats_And_Dogs/train/dogs/dog2939.jpg;1;3,190474e-01;0,5;0
D:/GitHub/Datasets/Cats_And_Dogs/train/dogs/dog2946.jpg;1;2,237199e-01;0,5;0
D:/GitHub/Datasets/Cats_And_Dogs/train/dogs/dog2950.jpg;1;4,440188e-01;0,5;0
D:/GitHub/Datasets/Cats_And_Dogs/train/dogs/dog2960.jpg;1;3,012833e-01;0,5;0
D:/GitHub/Datasets/Cats_And_Dogs/train/dogs/dog2974.jpg;1;4,174104e-01;0,5;0
D:/GitHub/Datasets/Cats_And_Dogs/train/dogs/dog2979.jpg;1;1,316077e-01;0,5;0
D:/GitHub/Datasets/Cats_And_Dogs/train/dogs/dog2983.jpg;1;1,207167e-01;0,5;0
D:/GitHub/Datasets/Cats_And_Dogs/train/dogs/dog2987.jpg;1;5,304255e-02;0,5;0
D:/GitHub/Datasets/Cats_And_Dogs/train/dogs/dog2990.jpg;1;8,226798e-02;0,5;0
D:/GitHub/Datasets/Cats_And_Dogs/train/dogs/dog2994.jpg;1;3,855469e-01;0,5;0
D:/GitHub/Datasets/Cats_And_Dogs/train/dogs/dog2995.jpg;1;3,092237e-01;0,5;0
D:/GitHub/Datasets/Cats_And_Dogs/train/dogs/dog3.jpg;1;2,210544e-05;0,5;0
D:/GitHub/Datasets/Cats_And_Dogs/train/dogs/dog3002.jpg;1;9,327124e-04;0,5;0
D:/GitHub/Datasets/Cats_And_Dogs/train/dogs/dog3012.jpg;1;1,574478e-01;0,5;0
D:/GitHub/Datasets/Cats_And_Dogs/train/dogs/dog3023.jpg;1;4,599269e-02;0,5;0
D:/GitHub/Datasets/Cats_And_Dogs/train/dogs/dog3024.jpg;1;2,786012e-01;0,5;0
D:/GitHub/Datasets/Cats_And_Dogs/train/dogs/dog3028.jpg;1;1,092333e-01;0,5;0
D:/GitHub/Datasets/Cats_And_Dogs/train/dogs/dog3032.jpg;1;1,577213e-01;0,5;0
D:/GitHub/Datasets/Cats_And_Dogs/train/dogs/dog3034.jpg;1;4,054708e-01;0,5;0
D:/GitHub/Datasets/Cats_And_Dogs/train/dogs/dog3042.jpg;1;3,366061e-01;0,5;0
D:/GitHub/Datasets/Cats_And_Dogs/train/dogs/dog3046.jpg;1;6,027495e-05;0,5;0
D:/GitHub/Datasets/Cats_And_Dogs/train/dogs/dog3052.jpg;1;3,634252e-02;0,5;0
D:/GitHub/Datasets/Cats_And_Dogs/train/dogs/dog3071.jpg;1;3,733903e-01;0,5;0
D:/GitHub/Datasets/Cats_And_Dogs/train/dogs/dog3072.jpg;1;3,863432e-01;0,5;0
D:/GitHub/Datasets/Cats_And_Dogs/train/dogs/dog3101.jpg;1;5,975500e-02;0,5;0
D:/GitHub/Datasets/Cats_And_Dogs/train/dogs/dog3109.jpg;1;3,549177e-01;0,5;0
D:/GitHub/Datasets/Cats_And_Dogs/train/dogs/dog3111.jpg;1;1,876098e-01;0,5;0
D:/GitHub/Datasets/Cats_And_Dogs/train/dogs/dog3129.jpg;1;4,656661e-01;0,5;0
D:/GitHub/Datasets/Cats_And_Dogs/train/dogs/dog3139.jpg;1;1,022297e-03;0,5;0
D:/GitHub/Datasets/Cats_And_Dogs/train/dogs/dog3146.jpg;1;1,732983e-02;0,5;0
D:/GitHub/Datasets/Cats_And_Dogs/train/dogs/dog3157.jpg;1;2,205514e-03;0,5;0
D:/GitHub/Datasets/Cats_And_Dogs/train/dogs/dog3158.jpg;1;4,231412e-01;0,5;0
D:/GitHub/Datasets/Cats_And_Dogs/train/dogs/dog3159.jpg;1;4,738152e-01;0,5;0
D:/GitHub/Datasets/Cats_And_Dogs/train/dogs/dog3162.jpg;1;4,415944e-02;0,5;0
D:/GitHub/Datasets/Cats_And_Dogs/train/dogs/dog317.jpg;1;4,998204e-01;0,5;0
D:/GitHub/Datasets/Cats_And_Dogs/train/dogs/dog3170.jpg;1;3,579203e-01;0,5;0
D:/GitHub/Datasets/Cats_And_Dogs/train/dogs/dog3171.jpg;1;1,482264e-01;0,5;0
D:/GitHub/Datasets/Cats_And_Dogs/train/dogs/dog3172.jpg;1;3,645606e-01;0,5;0
D:/GitHub/Datasets/Cats_And_Dogs/train/dogs/dog3176.jpg;1;2,780217e-01;0,5;0
D:/GitHub/Datasets/Cats_And_Dogs/train/dogs/dog318.jpg;1;2,233307e-01;0,5;0
D:/GitHub/Datasets/Cats_And_Dogs/train/dogs/dog3184.jpg;1;2,547042e-03;0,5;0
D:/GitHub/Datasets/Cats_And_Dogs/train/dogs/dog3186.jpg;1;4,759074e-01;0,5;0
D:/GitHub/Datasets/Cats_And_Dogs/train/dogs/dog3190.jpg;1;2,675759e-01;0,5;0
D:/GitHub/Datasets/Cats_And_Dogs/train/dogs/dog3192.jpg;1;3,144658e-01;0,5;0
D:/GitHub/Datasets/Cats_And_Dogs/train/dogs/dog3196.jpg;1;6,079707e-02;0,5;0
D:/GitHub/Datasets/Cats_And_Dogs/train/dogs/dog3198.jpg;1;2,753375e-01;0,5;0
D:/GitHub/Datasets/Cats_And_Dogs/train/dogs/dog3206.jpg;1;2,567549e-01;0,5;0
D:/GitHub/Datasets/Cats_And_Dogs/train/dogs/dog3207.jpg;1;4,609606e-01;0,5;0
D:/GitHub/Datasets/Cats_And_Dogs/train/dogs/dog3219.jpg;1;3,871010e-01;0,5;0
D:/GitHub/Datasets/Cats_And_Dogs/train/dogs/dog3223.jpg;1;1,170276e-01;0,5;0
D:/GitHub/Datasets/Cats_And_Dogs/train/dogs/dog3244.jpg;1;1,001063e-01;0,5;0
D:/GitHub/Datasets/Cats_And_Dogs/train/dogs/dog3252.jpg;1;8,453167e-02;0,5;0
D:/GitHub/Datasets/Cats_And_Dogs/train/dogs/dog3258.jpg;1;4,970126e-01;0,5;0
D:/GitHub/Datasets/Cats_And_Dogs/train/dogs/dog3269.jpg;1;1,900293e-01;0,5;0
D:/GitHub/Datasets/Cats_And_Dogs/train/dogs/dog327.jpg;1;1,303696e-01;0,5;0
D:/GitHub/Datasets/Cats_And_Dogs/train/dogs/dog3282.jpg;1;2,096783e-01;0,5;0
D:/GitHub/Datasets/Cats_And_Dogs/train/dogs/dog3283.jpg;1;4,767810e-01;0,5;0
D:/GitHub/Datasets/Cats_And_Dogs/train/dogs/dog3286.jpg;1;1,893366e-01;0,5;0
D:/GitHub/Datasets/Cats_And_Dogs/train/dogs/dog329.jpg;1;6,535003e-03;0,5;0
D:/GitHub/Datasets/Cats_And_Dogs/train/dogs/dog3305.jpg;1;7,260741e-02;0,5;0
D:/GitHub/Datasets/Cats_And_Dogs/train/dogs/dog3306.jpg;1;2,075268e-01;0,5;0
D:/GitHub/Datasets/Cats_And_Dogs/train/dogs/dog3316.jpg;1;1,980582e-01;0,5;0
D:/GitHub/Datasets/Cats_And_Dogs/train/dogs/dog3330.jpg;1;3,218482e-01;0,5;0
D:/GitHub/Datasets/Cats_And_Dogs/train/dogs/dog3332.jpg;1;4,975151e-01;0,5;0
D:/GitHub/Datasets/Cats_And_Dogs/train/dogs/dog3335.jpg;1;5,808743e-02;0,5;0
D:/GitHub/Datasets/Cats_And_Dogs/train/dogs/dog3358.jpg;1;1,428062e-01;0,5;0
D:/GitHub/Datasets/Cats_And_Dogs/train/dogs/dog3361.jpg;1;4,792280e-02;0,5;0
D:/GitHub/Datasets/Cats_And_Dogs/train/dogs/dog3370.jpg;1;4,405068e-01;0,5;0
D:/GitHub/Datasets/Cats_And_Dogs/train/dogs/dog3373.jpg;1;7,837093e-02;0,5;0
D:/GitHub/Datasets/Cats_And_Dogs/train/dogs/dog3377.jpg;1;4,050605e-01;0,5;0
D:/GitHub/Datasets/Cats_And_Dogs/train/dogs/dog338.jpg;1;1,319938e-01;0,5;0
D:/GitHub/Datasets/Cats_And_Dogs/train/dogs/dog3385.jpg;1;3,693136e-01;0,5;0
D:/GitHub/Datasets/Cats_And_Dogs/train/dogs/dog3398.jpg;1;4,883958e-01;0,5;0
D:/GitHub/Datasets/Cats_And_Dogs/train/dogs/dog3399.jpg;1;1,495201e-01;0,5;0
D:/GitHub/Datasets/Cats_And_Dogs/train/dogs/dog34.jpg;1;4,374404e-01;0,5;0
D:/GitHub/Datasets/Cats_And_Dogs/train/dogs/dog340.jpg;1;8,725298e-03;0,5;0
D:/GitHub/Datasets/Cats_And_Dogs/train/dogs/dog3400.jpg;1;3,537478e-01;0,5;0
D:/GitHub/Datasets/Cats_And_Dogs/train/dogs/dog3402.jpg;1;3,253945e-01;0,5;0
D:/GitHub/Datasets/Cats_And_Dogs/train/dogs/dog3404.jpg;1;3,667142e-01;0,5;0
D:/GitHub/Datasets/Cats_And_Dogs/train/dogs/dog3441.jpg;1;1,486906e-02;0,5;0
D:/GitHub/Datasets/Cats_And_Dogs/train/dogs/dog3443.jpg;1;3,375928e-01;0,5;0
D:/GitHub/Datasets/Cats_And_Dogs/train/dogs/dog3450.jpg;1;4,601455e-01;0,5;0
D:/GitHub/Datasets/Cats_And_Dogs/train/dogs/dog3454.jpg;1;3,889021e-01;0,5;0
D:/GitHub/Datasets/Cats_And_Dogs/train/dogs/dog3456.jpg;1;2,427775e-01;0,5;0
D:/GitHub/Datasets/Cats_And_Dogs/train/dogs/dog346.jpg;1;6,052487e-02;0,5;0
D:/GitHub/Datasets/Cats_And_Dogs/train/dogs/dog347.jpg;1;4,788750e-01;0,5;0
D:/GitHub/Datasets/Cats_And_Dogs/train/dogs/dog3472.jpg;1;4,637749e-01;0,5;0
D:/GitHub/Datasets/Cats_And_Dogs/train/dogs/dog3475.jpg;1;7,151986e-02;0,5;0
D:/GitHub/Datasets/Cats_And_Dogs/train/dogs/dog3477.jpg;1;2,030225e-01;0,5;0
D:/GitHub/Datasets/Cats_And_Dogs/train/dogs/dog3479.jpg;1;4,823945e-01;0,5;0
D:/GitHub/Datasets/Cats_And_Dogs/train/dogs/dog3483.jpg;1;7,769433e-02;0,5;0
D:/GitHub/Datasets/Cats_And_Dogs/train/dogs/dog3501.jpg;1;1,598367e-01;0,5;0
D:/GitHub/Datasets/Cats_And_Dogs/train/dogs/dog3502.jpg;1;3,096990e-01;0,5;0
D:/GitHub/Datasets/Cats_And_Dogs/train/dogs/dog3507.jpg;1;3,472401e-01;0,5;0
D:/GitHub/Datasets/Cats_And_Dogs/train/dogs/dog3514.jpg;1;2,351681e-01;0,5;0
D:/GitHub/Datasets/Cats_And_Dogs/train/dogs/dog3521.jpg;1;8,859265e-02;0,5;0
D:/GitHub/Datasets/Cats_And_Dogs/train/dogs/dog3522.jpg;1;1,333151e-01;0,5;0
D:/GitHub/Datasets/Cats_And_Dogs/train/dogs/dog3534.jpg;1;2,937015e-01;0,5;0
D:/GitHub/Datasets/Cats_And_Dogs/train/dogs/dog3536.jpg;1;7,285251e-02;0,5;0
D:/GitHub/Datasets/Cats_And_Dogs/train/dogs/dog3539.jpg;1;3,561712e-01;0,5;0
D:/GitHub/Datasets/Cats_And_Dogs/train/dogs/dog3544.jpg;1;1,935137e-01;0,5;0
D:/GitHub/Datasets/Cats_And_Dogs/train/dogs/dog3546.jpg;1;3,273385e-01;0,5;0
D:/GitHub/Datasets/Cats_And_Dogs/train/dogs/dog3547.jpg;1;4,270485e-01;0,5;0
D:/GitHub/Datasets/Cats_And_Dogs/train/dogs/dog3561.jpg;1;2,492594e-01;0,5;0
D:/GitHub/Datasets/Cats_And_Dogs/train/dogs/dog357.jpg;1;4,468964e-01;0,5;0
D:/GitHub/Datasets/Cats_And_Dogs/train/dogs/dog3578.jpg;1;3,402595e-01;0,5;0
D:/GitHub/Datasets/Cats_And_Dogs/train/dogs/dog3579.jpg;1;1,340790e-01;0,5;0
D:/GitHub/Datasets/Cats_And_Dogs/train/dogs/dog3581.jpg;1;3,126136e-01;0,5;0
D:/GitHub/Datasets/Cats_And_Dogs/train/dogs/dog3583.jpg;1;4,590133e-01;0,5;0
D:/GitHub/Datasets/Cats_And_Dogs/train/dogs/dog3584.jpg;1;4,133410e-02;0,5;0
D:/GitHub/Datasets/Cats_And_Dogs/train/dogs/dog3587.jpg;1;2,283416e-01;0,5;0
D:/GitHub/Datasets/Cats_And_Dogs/train/dogs/dog359.jpg;1;4,107358e-01;0,5;0
D:/GitHub/Datasets/Cats_And_Dogs/train/dogs/dog3593.jpg;1;3,287432e-01;0,5;0
D:/GitHub/Datasets/Cats_And_Dogs/train/dogs/dog36.jpg;1;3,387035e-01;0,5;0
D:/GitHub/Datasets/Cats_And_Dogs/train/dogs/dog3601.jpg;1;7,424504e-02;0,5;0
D:/GitHub/Datasets/Cats_And_Dogs/train/dogs/dog3602.jpg;1;4,462147e-01;0,5;0
D:/GitHub/Datasets/Cats_And_Dogs/train/dogs/dog3608.jpg;1;1,641995e-01;0,5;0
D:/GitHub/Datasets/Cats_And_Dogs/train/dogs/dog3610.jpg;1;1,622092e-01;0,5;0
D:/GitHub/Datasets/Cats_And_Dogs/train/dogs/dog3633.jpg;1;4,366477e-02;0,5;0
D:/GitHub/Datasets/Cats_And_Dogs/train/dogs/dog3638.jpg;1;2,764839e-01;0,5;0
D:/GitHub/Datasets/Cats_And_Dogs/train/dogs/dog3642.jpg;1;1,441721e-01;0,5;0
D:/GitHub/Datasets/Cats_And_Dogs/train/dogs/dog3648.jpg;1;4,057381e-01;0,5;0
D:/GitHub/Datasets/Cats_And_Dogs/train/dogs/dog365.jpg;1;2,164173e-01;0,5;0
D:/GitHub/Datasets/Cats_And_Dogs/train/dogs/dog3663.jpg;1;3,473565e-01;0,5;0
D:/GitHub/Datasets/Cats_And_Dogs/train/dogs/dog3664.jpg;1;1,623700e-01;0,5;0
D:/GitHub/Datasets/Cats_And_Dogs/train/dogs/dog3673.jpg;1;4,441878e-01;0,5;0
D:/GitHub/Datasets/Cats_And_Dogs/train/dogs/dog3682.jpg;1;3,901387e-01;0,5;0
D:/GitHub/Datasets/Cats_And_Dogs/train/dogs/dog3688.jpg;1;3,450276e-01;0,5;0
D:/GitHub/Datasets/Cats_And_Dogs/train/dogs/dog3691.jpg;1;2,027769e-01;0,5;0
D:/GitHub/Datasets/Cats_And_Dogs/train/dogs/dog3698.jpg;1;5,661716e-02;0,5;0
D:/GitHub/Datasets/Cats_And_Dogs/train/dogs/dog3716.jpg;1;1,772119e-02;0,5;0
D:/GitHub/Datasets/Cats_And_Dogs/train/dogs/dog3720.jpg;1;3,535368e-01;0,5;0
D:/GitHub/Datasets/Cats_And_Dogs/train/dogs/dog3739.jpg;1;2,947470e-01;0,5;0
D:/GitHub/Datasets/Cats_And_Dogs/train/dogs/dog375.jpg;1;5,347342e-02;0,5;0
D:/GitHub/Datasets/Cats_And_Dogs/train/dogs/dog3755.jpg;1;5,425728e-02;0,5;0
D:/GitHub/Datasets/Cats_And_Dogs/train/dogs/dog3759.jpg;1;2,316478e-01;0,5;0
D:/GitHub/Datasets/Cats_And_Dogs/train/dogs/dog3772.jpg;1;1,698372e-01;0,5;0
D:/GitHub/Datasets/Cats_And_Dogs/train/dogs/dog3774.jpg;1;9,142192e-03;0,5;0
D:/GitHub/Datasets/Cats_And_Dogs/train/dogs/dog3778.jpg;1;1,498255e-03;0,5;0
D:/GitHub/Datasets/Cats_And_Dogs/train/dogs/dog3785.jpg;1;3,428743e-01;0,5;0
D:/GitHub/Datasets/Cats_And_Dogs/train/dogs/dog3786.jpg;1;4,136889e-01;0,5;0
D:/GitHub/Datasets/Cats_And_Dogs/train/dogs/dog3789.jpg;1;1,061460e-02;0,5;0
D:/GitHub/Datasets/Cats_And_Dogs/train/dogs/dog3800.jpg;1;4,050518e-01;0,5;0
D:/GitHub/Datasets/Cats_And_Dogs/train/dogs/dog3814.jpg;1;3,011012e-01;0,5;0
D:/GitHub/Datasets/Cats_And_Dogs/train/dogs/dog3818.jpg;1;3,485428e-01;0,5;0
D:/GitHub/Datasets/Cats_And_Dogs/train/dogs/dog3821.jpg;1;2,020111e-01;0,5;0
D:/GitHub/Datasets/Cats_And_Dogs/train/dogs/dog3833.jpg;1;4,916210e-01;0,5;0
D:/GitHub/Datasets/Cats_And_Dogs/train/dogs/dog3834.jpg;1;1,022434e-02;0,5;0
D:/GitHub/Datasets/Cats_And_Dogs/train/dogs/dog3838.jpg;1;1,464089e-02;0,5;0
D:/GitHub/Datasets/Cats_And_Dogs/train/dogs/dog3847.jpg;1;3,092339e-01;0,5;0
D:/GitHub/Datasets/Cats_And_Dogs/train/dogs/dog385.jpg;1;2,620418e-01;0,5;0
D:/GitHub/Datasets/Cats_And_Dogs/train/dogs/dog3853.jpg;1;2,734444e-01;0,5;0
D:/GitHub/Datasets/Cats_And_Dogs/train/dogs/dog3856.jpg;1;2,813256e-01;0,5;0
D:/GitHub/Datasets/Cats_And_Dogs/train/dogs/dog3859.jpg;1;9,427016e-02;0,5;0
D:/GitHub/Datasets/Cats_And_Dogs/train/dogs/dog3865.jpg;1;6,899545e-02;0,5;0
D:/GitHub/Datasets/Cats_And_Dogs/train/dogs/dog3869.jpg;1;3,935715e-01;0,5;0
D:/GitHub/Datasets/Cats_And_Dogs/train/dogs/dog3871.jpg;1;1,060063e-01;0,5;0
D:/GitHub/Datasets/Cats_And_Dogs/train/dogs/dog3873.jpg;1;2,346101e-02;0,5;0
D:/GitHub/Datasets/Cats_And_Dogs/train/dogs/dog3874.jpg;1;2,244400e-01;0,5;0
D:/GitHub/Datasets/Cats_And_Dogs/train/dogs/dog3900.jpg;1;3,834246e-01;0,5;0
D:/GitHub/Datasets/Cats_And_Dogs/train/dogs/dog3901.jpg;1;3,479089e-01;0,5;0
D:/GitHub/Datasets/Cats_And_Dogs/train/dogs/dog3904.jpg;1;1,188625e-04;0,5;0
D:/GitHub/Datasets/Cats_And_Dogs/train/dogs/dog3905.jpg;1;6,046342e-02;0,5;0
D:/GitHub/Datasets/Cats_And_Dogs/train/dogs/dog3908.jpg;1;3,926856e-01;0,5;0
D:/GitHub/Datasets/Cats_And_Dogs/train/dogs/dog3915.jpg;1;1,486847e-01;0,5;0
D:/GitHub/Datasets/Cats_And_Dogs/train/dogs/dog392.jpg;1;4,794680e-02;0,5;0
D:/GitHub/Datasets/Cats_And_Dogs/train/dogs/dog3924.jpg;1;2,128778e-01;0,5;0
D:/GitHub/Datasets/Cats_And_Dogs/train/dogs/dog3926.jpg;1;3,311053e-01;0,5;0
D:/GitHub/Datasets/Cats_And_Dogs/train/dogs/dog3942.jpg;1;2,018108e-01;0,5;0
D:/GitHub/Datasets/Cats_And_Dogs/train/dogs/dog3945.jpg;1;3,980913e-01;0,5;0
D:/GitHub/Datasets/Cats_And_Dogs/train/dogs/dog3947.jpg;1;4,076573e-01;0,5;0
D:/GitHub/Datasets/Cats_And_Dogs/train/dogs/dog3948.jpg;1;3,322155e-01;0,5;0
D:/GitHub/Datasets/Cats_And_Dogs/train/dogs/dog3957.jpg;1;1,425284e-02;0,5;0
D:/GitHub/Datasets/Cats_And_Dogs/train/dogs/dog3968.jpg;1;4,851617e-01;0,5;0
D:/GitHub/Datasets/Cats_And_Dogs/train/dogs/dog3969.jpg;1;1,072519e-01;0,5;0
D:/GitHub/Datasets/Cats_And_Dogs/train/dogs/dog397.jpg;1;2,739129e-01;0,5;0
D:/GitHub/Datasets/Cats_And_Dogs/train/dogs/dog3974.jpg;1;4,719909e-01;0,5;0
D:/GitHub/Datasets/Cats_And_Dogs/train/dogs/dog3983.jpg;1;4,276949e-01;0,5;0
D:/GitHub/Datasets/Cats_And_Dogs/train/dogs/dog3996.jpg;1;4,882390e-01;0,5;0
D:/GitHub/Datasets/Cats_And_Dogs/train/dogs/dog3997.jpg;1;3,921658e-01;0,5;0
D:/GitHub/Datasets/Cats_And_Dogs/train/dogs/dog4.jpg;1;3,385713e-01;0,5;0
D:/GitHub/Datasets/Cats_And_Dogs/train/dogs/dog4001.jpg;1;3,581547e-01;0,5;0
D:/GitHub/Datasets/Cats_And_Dogs/train/dogs/dog4004.jpg;1;4,655988e-01;0,5;0
D:/GitHub/Datasets/Cats_And_Dogs/train/dogs/dog4006.jpg;1;3,205608e-01;0,5;0
D:/GitHub/Datasets/Cats_And_Dogs/train/dogs/dog4008.jpg;1;3,035289e-01;0,5;0
D:/GitHub/Datasets/Cats_And_Dogs/train/dogs/dog4016.jpg;1;1,685782e-02;0,5;0
D:/GitHub/Datasets/Cats_And_Dogs/train/dogs/dog4019.jpg;1;4,506931e-01;0,5;0
D:/GitHub/Datasets/Cats_And_Dogs/train/dogs/dog4023.jpg;1;2,314173e-01;0,5;0
D:/GitHub/Datasets/Cats_And_Dogs/train/dogs/dog4024.jpg;1;3,611873e-01;0,5;0
D:/GitHub/Datasets/Cats_And_Dogs/train/dogs/dog404.jpg;1;4,410000e-01;0,5;0
D:/GitHub/Datasets/Cats_And_Dogs/train/dogs/dog4042.jpg;1;3,778581e-01;0,5;0
D:/GitHub/Datasets/Cats_And_Dogs/train/dogs/dog4051.jpg;1;4,857479e-01;0,5;0
D:/GitHub/Datasets/Cats_And_Dogs/train/dogs/dog4058.jpg;1;4,808549e-01;0,5;0
D:/GitHub/Datasets/Cats_And_Dogs/train/dogs/dog4061.jpg;1;2,831295e-01;0,5;0
D:/GitHub/Datasets/Cats_And_Dogs/train/dogs/dog4064.jpg;1;6,717876e-02;0,5;0
D:/GitHub/Datasets/Cats_And_Dogs/train/dogs/dog4066.jpg;1;2,887985e-01;0,5;0
D:/GitHub/Datasets/Cats_And_Dogs/train/dogs/dog4075.jpg;1;4,812250e-01;0,5;0
D:/GitHub/Datasets/Cats_And_Dogs/train/dogs/dog4083.jpg;1;7,094175e-02;0,5;0
D:/GitHub/Datasets/Cats_And_Dogs/train/dogs/dog4087.jpg;1;3,956953e-01;0,5;0
D:/GitHub/Datasets/Cats_And_Dogs/train/dogs/dog4092.jpg;1;4,442563e-01;0,5;0
D:/GitHub/Datasets/Cats_And_Dogs/train/dogs/dog4095.jpg;1;2,988870e-01;0,5;0
D:/GitHub/Datasets/Cats_And_Dogs/train/dogs/dog4104.jpg;1;4,174581e-01;0,5;0
D:/GitHub/Datasets/Cats_And_Dogs/train/dogs/dog4108.jpg;1;2,519107e-01;0,5;0
D:/GitHub/Datasets/Cats_And_Dogs/train/dogs/dog4109.jpg;1;4,103351e-01;0,5;0
D:/GitHub/Datasets/Cats_And_Dogs/train/dogs/dog4110.jpg;1;1,769527e-02;0,5;0
D:/GitHub/Datasets/Cats_And_Dogs/train/dogs/dog4125.jpg;1;1,616006e-01;0,5;0
D:/GitHub/Datasets/Cats_And_Dogs/train/dogs/dog4131.jpg;1;2,479733e-01;0,5;0
D:/GitHub/Datasets/Cats_And_Dogs/train/dogs/dog4151.jpg;1;4,900294e-01;0,5;0
D:/GitHub/Datasets/Cats_And_Dogs/train/dogs/dog4156.jpg;1;2,112050e-01;0,5;0
D:/GitHub/Datasets/Cats_And_Dogs/train/dogs/dog4159.jpg;1;1,801688e-01;0,5;0
D:/GitHub/Datasets/Cats_And_Dogs/train/dogs/dog416.jpg;1;1,815611e-01;0,5;0
D:/GitHub/Datasets/Cats_And_Dogs/train/dogs/dog4168.jpg;1;4,645919e-01;0,5;0
D:/GitHub/Datasets/Cats_And_Dogs/train/dogs/dog4171.jpg;1;4,979063e-01;0,5;0
D:/GitHub/Datasets/Cats_And_Dogs/train/dogs/dog4173.jpg;1;3,683867e-01;0,5;0
D:/GitHub/Datasets/Cats_And_Dogs/train/dogs/dog4177.jpg;1;2,278714e-01;0,5;0
D:/GitHub/Datasets/Cats_And_Dogs/train/dogs/dog4178.jpg;1;3,683677e-01;0,5;0
D:/GitHub/Datasets/Cats_And_Dogs/train/dogs/dog4186.jpg;1;3,443105e-01;0,5;0
D:/GitHub/Datasets/Cats_And_Dogs/train/dogs/dog4195.jpg;1;4,032023e-01;0,5;0
D:/GitHub/Datasets/Cats_And_Dogs/train/dogs/dog4197.jpg;1;7,131196e-03;0,5;0
D:/GitHub/Datasets/Cats_And_Dogs/train/dogs/dog4210.jpg;1;2,685975e-01;0,5;0
D:/GitHub/Datasets/Cats_And_Dogs/train/dogs/dog4220.jpg;1;2,949643e-01;0,5;0
D:/GitHub/Datasets/Cats_And_Dogs/train/dogs/dog4223.jpg;1;2,747731e-01;0,5;0
D:/GitHub/Datasets/Cats_And_Dogs/train/dogs/dog4225.jpg;1;3,900745e-01;0,5;0
D:/GitHub/Datasets/Cats_And_Dogs/train/dogs/dog4226.jpg;1;1,370112e-01;0,5;0
D:/GitHub/Datasets/Cats_And_Dogs/train/dogs/dog4233.jpg;1;3,688999e-01;0,5;0
D:/GitHub/Datasets/Cats_And_Dogs/train/dogs/dog4260.jpg;1;4,145435e-01;0,5;0
D:/GitHub/Datasets/Cats_And_Dogs/train/dogs/dog4264.jpg;1;7,601832e-02;0,5;0
D:/GitHub/Datasets/Cats_And_Dogs/train/dogs/dog4276.jpg;1;2,481083e-01;0,5;0
D:/GitHub/Datasets/Cats_And_Dogs/train/dogs/dog4281.jpg;1;1,751270e-01;0,5;0
D:/GitHub/Datasets/Cats_And_Dogs/train/dogs/dog4290.jpg;1;1,080492e-01;0,5;0
D:/GitHub/Datasets/Cats_And_Dogs/train/dogs/dog4293.jpg;1;7,990764e-02;0,5;0
D:/GitHub/Datasets/Cats_And_Dogs/train/dogs/dog4295.jpg;1;4,278080e-01;0,5;0
D:/GitHub/Datasets/Cats_And_Dogs/train/dogs/dog4311.jpg;1;1,295749e-04;0,5;0
D:/GitHub/Datasets/Cats_And_Dogs/train/dogs/dog4313.jpg;1;4,544691e-01;0,5;0
D:/GitHub/Datasets/Cats_And_Dogs/train/dogs/dog4316.jpg;1;3,178530e-01;0,5;0
D:/GitHub/Datasets/Cats_And_Dogs/train/dogs/dog4320.jpg;1;1,092016e-01;0,5;0
D:/GitHub/Datasets/Cats_And_Dogs/train/dogs/dog4322.jpg;1;3,375263e-01;0,5;0
D:/GitHub/Datasets/Cats_And_Dogs/train/dogs/dog4327.jpg;1;2,046615e-02;0,5;0
D:/GitHub/Datasets/Cats_And_Dogs/train/dogs/dog433.jpg;1;3,459377e-01;0,5;0
D:/GitHub/Datasets/Cats_And_Dogs/train/dogs/dog4331.jpg;1;3,958129e-01;0,5;0
D:/GitHub/Datasets/Cats_And_Dogs/train/dogs/dog4337.jpg;1;1,890381e-01;0,5;0
D:/GitHub/Datasets/Cats_And_Dogs/train/dogs/dog4353.jpg;1;1,208378e-01;0,5;0
D:/GitHub/Datasets/Cats_And_Dogs/train/dogs/dog4360.jpg;1;1,962328e-01;0,5;0
D:/GitHub/Datasets/Cats_And_Dogs/train/dogs/dog4363.jpg;1;3,358792e-01;0,5;0
D:/GitHub/Datasets/Cats_And_Dogs/train/dogs/dog4369.jpg;1;3,194460e-01;0,5;0
D:/GitHub/Datasets/Cats_And_Dogs/train/dogs/dog437.jpg;1;3,247625e-01;0,5;0
D:/GitHub/Datasets/Cats_And_Dogs/train/dogs/dog4371.jpg;1;2,689543e-01;0,5;0
D:/GitHub/Datasets/Cats_And_Dogs/train/dogs/dog439.jpg;1;4,951931e-02;0,5;0
D:/GitHub/Datasets/Cats_And_Dogs/train/dogs/dog4394.jpg;1;5,076510e-02;0,5;0
D:/GitHub/Datasets/Cats_And_Dogs/train/dogs/dog4397.jpg;1;4,746085e-01;0,5;0
D:/GitHub/Datasets/Cats_And_Dogs/train/dogs/dog4399.jpg;1;2,104539e-02;0,5;0
D:/GitHub/Datasets/Cats_And_Dogs/train/dogs/dog4407.jpg;1;1,190708e-01;0,5;0
D:/GitHub/Datasets/Cats_And_Dogs/train/dogs/dog441.jpg;1;1,236286e-02;0,5;0
D:/GitHub/Datasets/Cats_And_Dogs/train/dogs/dog4413.jpg;1;3,513169e-02;0,5;0
D:/GitHub/Datasets/Cats_And_Dogs/train/dogs/dog4414.jpg;1;1,171451e-01;0,5;0
D:/GitHub/Datasets/Cats_And_Dogs/train/dogs/dog4423.jpg;1;6,325973e-02;0,5;0
D:/GitHub/Datasets/Cats_And_Dogs/train/dogs/dog4433.jpg;1;1,574894e-02;0,5;0
D:/GitHub/Datasets/Cats_And_Dogs/train/dogs/dog4440.jpg;1;4,077174e-01;0,5;0
D:/GitHub/Datasets/Cats_And_Dogs/train/dogs/dog445.jpg;1;4,320264e-01;0,5;0
D:/GitHub/Datasets/Cats_And_Dogs/train/dogs/dog4456.jpg;1;3,217168e-01;0,5;0
D:/GitHub/Datasets/Cats_And_Dogs/train/dogs/dog4469.jpg;1;4,583446e-01;0,5;0
D:/GitHub/Datasets/Cats_And_Dogs/train/dogs/dog4472.jpg;1;2,831040e-01;0,5;0
D:/GitHub/Datasets/Cats_And_Dogs/train/dogs/dog4479.jpg;1;9,476869e-03;0,5;0
D:/GitHub/Datasets/Cats_And_Dogs/train/dogs/dog4483.jpg;1;8,611715e-02;0,5;0
D:/GitHub/Datasets/Cats_And_Dogs/train/dogs/dog4493.jpg;1;4,597841e-01;0,5;0
D:/GitHub/Datasets/Cats_And_Dogs/train/dogs/dog455.jpg;1;2,244347e-01;0,5;0
D:/GitHub/Datasets/Cats_And_Dogs/train/dogs/dog479.jpg;1;3,916552e-04;0,5;0
D:/GitHub/Datasets/Cats_And_Dogs/train/dogs/dog481.jpg;1;2,062982e-01;0,5;0
D:/GitHub/Datasets/Cats_And_Dogs/train/dogs/dog49.jpg;1;4,867073e-01;0,5;0
D:/GitHub/Datasets/Cats_And_Dogs/train/dogs/dog495.jpg;1;2,700772e-01;0,5;0
D:/GitHub/Datasets/Cats_And_Dogs/train/dogs/dog498.jpg;1;2,752926e-01;0,5;0
D:/GitHub/Datasets/Cats_And_Dogs/train/dogs/dog510.jpg;1;4,855029e-01;0,5;0
D:/GitHub/Datasets/Cats_And_Dogs/train/dogs/dog511.jpg;1;3,990692e-03;0,5;0
D:/GitHub/Datasets/Cats_And_Dogs/train/dogs/dog512.jpg;1;3,198539e-01;0,5;0
D:/GitHub/Datasets/Cats_And_Dogs/train/dogs/dog519.jpg;1;1,337624e-01;0,5;0
D:/GitHub/Datasets/Cats_And_Dogs/train/dogs/dog522.jpg;1;4,870586e-01;0,5;0
D:/GitHub/Datasets/Cats_And_Dogs/train/dogs/dog523.jpg;1;6,230377e-02;0,5;0
D:/GitHub/Datasets/Cats_And_Dogs/train/dogs/dog526.jpg;1;3,121050e-01;0,5;0
D:/GitHub/Datasets/Cats_And_Dogs/train/dogs/dog53.jpg;1;2,717893e-01;0,5;0
D:/GitHub/Datasets/Cats_And_Dogs/train/dogs/dog536.jpg;1;2,266381e-01;0,5;0
D:/GitHub/Datasets/Cats_And_Dogs/train/dogs/dog545.jpg;1;2,465249e-01;0,5;0
D:/GitHub/Datasets/Cats_And_Dogs/train/dogs/dog548.jpg;1;1,816971e-01;0,5;0
D:/GitHub/Datasets/Cats_And_Dogs/train/dogs/dog569.jpg;1;3,869034e-01;0,5;0
D:/GitHub/Datasets/Cats_And_Dogs/train/dogs/dog57.jpg;1;3,005899e-01;0,5;0
D:/GitHub/Datasets/Cats_And_Dogs/train/dogs/dog571.jpg;1;1,690083e-01;0,5;0
D:/GitHub/Datasets/Cats_And_Dogs/train/dogs/dog576.jpg;1;5,530386e-02;0,5;0
D:/GitHub/Datasets/Cats_And_Dogs/train/dogs/dog580.jpg;1;1,680499e-01;0,5;0
D:/GitHub/Datasets/Cats_And_Dogs/train/dogs/dog584.jpg;1;4,752693e-01;0,5;0
D:/GitHub/Datasets/Cats_And_Dogs/train/dogs/dog586.jpg;1;4,588458e-01;0,5;0
D:/GitHub/Datasets/Cats_And_Dogs/train/dogs/dog592.jpg;1;1,600788e-01;0,5;0
D:/GitHub/Datasets/Cats_And_Dogs/train/dogs/dog60.jpg;1;4,691778e-01;0,5;0
D:/GitHub/Datasets/Cats_And_Dogs/train/dogs/dog602.jpg;1;9,150035e-02;0,5;0
D:/GitHub/Datasets/Cats_And_Dogs/train/dogs/dog604.jpg;1;4,764474e-03;0,5;0
D:/GitHub/Datasets/Cats_And_Dogs/train/dogs/dog605.jpg;1;3,091742e-01;0,5;0
D:/GitHub/Datasets/Cats_And_Dogs/train/dogs/dog61.jpg;1;2,791308e-01;0,5;0
D:/GitHub/Datasets/Cats_And_Dogs/train/dogs/dog615.jpg;1;3,781044e-01;0,5;0
D:/GitHub/Datasets/Cats_And_Dogs/train/dogs/dog620.jpg;1;4,697428e-01;0,5;0
D:/GitHub/Datasets/Cats_And_Dogs/train/dogs/dog632.jpg;1;1,079262e-01;0,5;0
D:/GitHub/Datasets/Cats_And_Dogs/train/dogs/dog639.jpg;1;4,710205e-01;0,5;0
D:/GitHub/Datasets/Cats_And_Dogs/train/dogs/dog643.jpg;1;4,897880e-01;0,5;0
D:/GitHub/Datasets/Cats_And_Dogs/train/dogs/dog65.jpg;1;3,447483e-01;0,5;0
D:/GitHub/Datasets/Cats_And_Dogs/train/dogs/dog651.jpg;1;3,739079e-01;0,5;0
D:/GitHub/Datasets/Cats_And_Dogs/train/dogs/dog663.jpg;1;1,491878e-02;0,5;0
D:/GitHub/Datasets/Cats_And_Dogs/train/dogs/dog665.jpg;1;1,491774e-01;0,5;0
D:/GitHub/Datasets/Cats_And_Dogs/train/dogs/dog666.jpg;1;3,491165e-01;0,5;0
D:/GitHub/Datasets/Cats_And_Dogs/train/dogs/dog676.jpg;1;4,235392e-01;0,5;0
D:/GitHub/Datasets/Cats_And_Dogs/train/dogs/dog68.jpg;1;3,900641e-02;0,5;0
D:/GitHub/Datasets/Cats_And_Dogs/train/dogs/dog689.jpg;1;3,248727e-01;0,5;0
D:/GitHub/Datasets/Cats_And_Dogs/train/dogs/dog69.jpg;1;4,823428e-01;0,5;0
D:/GitHub/Datasets/Cats_And_Dogs/train/dogs/dog695.jpg;1;2,126805e-01;0,5;0
D:/GitHub/Datasets/Cats_And_Dogs/train/dogs/dog700.jpg;1;6,731956e-03;0,5;0
D:/GitHub/Datasets/Cats_And_Dogs/train/dogs/dog715.jpg;1;1,631398e-01;0,5;0
D:/GitHub/Datasets/Cats_And_Dogs/train/dogs/dog716.jpg;1;1,720666e-01;0,5;0
D:/GitHub/Datasets/Cats_And_Dogs/train/dogs/dog717.jpg;1;1,137939e-02;0,5;0
D:/GitHub/Datasets/Cats_And_Dogs/train/dogs/dog730.jpg;1;2,975141e-01;0,5;0
D:/GitHub/Datasets/Cats_And_Dogs/train/dogs/dog731.jpg;1;5,425883e-03;0,5;0
D:/GitHub/Datasets/Cats_And_Dogs/train/dogs/dog736.jpg;1;3,799340e-04;0,5;0
D:/GitHub/Datasets/Cats_And_Dogs/train/dogs/dog746.jpg;1;2,968940e-01;0,5;0
D:/GitHub/Datasets/Cats_And_Dogs/train/dogs/dog750.jpg;1;3,780767e-01;0,5;0
D:/GitHub/Datasets/Cats_And_Dogs/train/dogs/dog753.jpg;1;3,182656e-01;0,5;0
D:/GitHub/Datasets/Cats_And_Dogs/train/dogs/dog760.jpg;1;2,080567e-01;0,5;0
D:/GitHub/Datasets/Cats_And_Dogs/train/dogs/dog769.jpg;1;2,402525e-01;0,5;0
D:/GitHub/Datasets/Cats_And_Dogs/train/dogs/dog772.jpg;1;2,615512e-01;0,5;0
D:/GitHub/Datasets/Cats_And_Dogs/train/dogs/dog775.jpg;1;2,602048e-01;0,5;0
D:/GitHub/Datasets/Cats_And_Dogs/train/dogs/dog776.jpg;1;4,557296e-01;0,5;0
D:/GitHub/Datasets/Cats_And_Dogs/train/dogs/dog777.jpg;1;1,138467e-01;0,5;0
D:/GitHub/Datasets/Cats_And_Dogs/train/dogs/dog787.jpg;1;9,915298e-03;0,5;0
D:/GitHub/Datasets/Cats_And_Dogs/train/dogs/dog792.jpg;1;6,654324e-02;0,5;0
D:/GitHub/Datasets/Cats_And_Dogs/train/dogs/dog797.jpg;1;4,204134e-01;0,5;0
D:/GitHub/Datasets/Cats_And_Dogs/train/dogs/dog802.jpg;1;4,685070e-01;0,5;0
D:/GitHub/Datasets/Cats_And_Dogs/train/dogs/dog803.jpg;1;1,686167e-01;0,5;0
D:/GitHub/Datasets/Cats_And_Dogs/train/dogs/dog805.jpg;1;4,243648e-01;0,5;0
D:/GitHub/Datasets/Cats_And_Dogs/train/dogs/dog807.jpg;1;3,669485e-01;0,5;0
D:/GitHub/Datasets/Cats_And_Dogs/train/dogs/dog809.jpg;1;3,065327e-01;0,5;0
D:/GitHub/Datasets/Cats_And_Dogs/train/dogs/dog822.jpg;1;2,003643e-01;0,5;0
D:/GitHub/Datasets/Cats_And_Dogs/train/dogs/dog828.jpg;1;4,945302e-01;0,5;0
D:/GitHub/Datasets/Cats_And_Dogs/train/dogs/dog830.jpg;1;2,137959e-01;0,5;0
D:/GitHub/Datasets/Cats_And_Dogs/train/dogs/dog844.jpg;1;2,986498e-01;0,5;0
D:/GitHub/Datasets/Cats_And_Dogs/train/dogs/dog846.jpg;1;1,995723e-01;0,5;0
D:/GitHub/Datasets/Cats_And_Dogs/train/dogs/dog847.jpg;1;1,470734e-02;0,5;0
D:/GitHub/Datasets/Cats_And_Dogs/train/dogs/dog851.jpg;1;3,813342e-01;0,5;0
D:/GitHub/Datasets/Cats_And_Dogs/train/dogs/dog855.jpg;1;4,504265e-01;0,5;0
D:/GitHub/Datasets/Cats_And_Dogs/train/dogs/dog856.jpg;1;3,258194e-01;0,5;0
D:/GitHub/Datasets/Cats_And_Dogs/train/dogs/dog857.jpg;1;9,013917e-02;0,5;0
D:/GitHub/Datasets/Cats_And_Dogs/train/dogs/dog86.jpg;1;4,389715e-01;0,5;0
D:/GitHub/Datasets/Cats_And_Dogs/train/dogs/dog861.jpg;1;4,471326e-01;0,5;0
D:/GitHub/Datasets/Cats_And_Dogs/train/dogs/dog863.jpg;1;3,134052e-01;0,5;0
D:/GitHub/Datasets/Cats_And_Dogs/train/dogs/dog869.jpg;1;9,128226e-02;0,5;0
D:/GitHub/Datasets/Cats_And_Dogs/train/dogs/dog879.jpg;1;2,600977e-01;0,5;0
D:/GitHub/Datasets/Cats_And_Dogs/train/dogs/dog880.jpg;1;7,973994e-02;0,5;0
D:/GitHub/Datasets/Cats_And_Dogs/train/dogs/dog896.jpg;1;2,638534e-01;0,5;0
D:/GitHub/Datasets/Cats_And_Dogs/train/dogs/dog898.jpg;1;6,725948e-02;0,5;0
D:/GitHub/Datasets/Cats_And_Dogs/train/dogs/dog908.jpg;1;4,801188e-01;0,5;0
D:/GitHub/Datasets/Cats_And_Dogs/train/dogs/dog91.jpg;1;9,674988e-02;0,5;0
D:/GitHub/Datasets/Cats_And_Dogs/train/dogs/dog910.jpg;1;3,166295e-01;0,5;0
D:/GitHub/Datasets/Cats_And_Dogs/train/dogs/dog912.jpg;1;2,012275e-01;0,5;0
D:/GitHub/Datasets/Cats_And_Dogs/train/dogs/dog914.jpg;1;8,645113e-02;0,5;0
D:/GitHub/Datasets/Cats_And_Dogs/train/dogs/dog915.jpg;1;1,610219e-03;0,5;0
D:/GitHub/Datasets/Cats_And_Dogs/train/dogs/dog916.jpg;1;3,484689e-01;0,5;0
D:/GitHub/Datasets/Cats_And_Dogs/train/dogs/dog927.jpg;1;2,852153e-01;0,5;0
D:/GitHub/Datasets/Cats_And_Dogs/train/dogs/dog928.jpg;1;3,008479e-01;0,5;0
D:/GitHub/Datasets/Cats_And_Dogs/train/dogs/dog93.jpg;1;1,792092e-02;0,5;0
D:/GitHub/Datasets/Cats_And_Dogs/train/dogs/dog933.jpg;1;1,047574e-01;0,5;0
D:/GitHub/Datasets/Cats_And_Dogs/train/dogs/dog934.jpg;1;3,679762e-01;0,5;0
D:/GitHub/Datasets/Cats_And_Dogs/train/dogs/dog941.jpg;1;2,703694e-02;0,5;0
D:/GitHub/Datasets/Cats_And_Dogs/train/dogs/dog946.jpg;1;2,922285e-02;0,5;0
D:/GitHub/Datasets/Cats_And_Dogs/train/dogs/dog950.jpg;1;2,856432e-01;0,5;0
D:/GitHub/Datasets/Cats_And_Dogs/train/dogs/dog951.jpg;1;2,372142e-01;0,5;0
D:/GitHub/Datasets/Cats_And_Dogs/train/dogs/dog963.jpg;1;3,097361e-01;0,5;0
D:/GitHub/Datasets/Cats_And_Dogs/train/dogs/dog965.jpg;1;3,267000e-01;0,5;0
D:/GitHub/Datasets/Cats_And_Dogs/train/dogs/dog966.jpg;1;7,027895e-03;0,5;0
D:/GitHub/Datasets/Cats_And_Dogs/train/dogs/dog973.jpg;1;3,377880e-03;0,5;0
D:/GitHub/Datasets/Cats_And_Dogs/train/dogs/dog976.jpg;1;7,580376e-03;0,5;0
D:/GitHub/Datasets/Cats_And_Dogs/train/dogs/dog985.jpg;1;1,703122e-01;0,5;0
D:/GitHub/Datasets/Cats_And_Dogs/train/dogs/dog996.jpg;1;4,327983e-01;0,5;0
D:/GitHub/Datasets/Cats_And_Dogs/train/dogs/dog998.jpg;1;1,679384e-01;0,5;0
