files;actual_class;predicted;cutoff;predicted_class
D:/GitHub/Datasets/Cats_And_Dogs/train/cats/cat1006.jpg;0;0,52630180;0,5;1
D:/GitHub/Datasets/Cats_And_Dogs/train/cats/cat1026.jpg;0;0,99104100;0,5;1
D:/GitHub/Datasets/Cats_And_Dogs/train/cats/cat1042.jpg;0;0,99656689;0,5;1
D:/GitHub/Datasets/Cats_And_Dogs/train/cats/cat1127.jpg;0;0,59776336;0,5;1
D:/GitHub/Datasets/Cats_And_Dogs/train/cats/cat1137.jpg;0;0,51514435;0,5;1
D:/GitHub/Datasets/Cats_And_Dogs/train/cats/cat1166.jpg;0;0,97986549;0,5;1
D:/GitHub/Datasets/Cats_And_Dogs/train/cats/cat1198.jpg;0;0,83682328;0,5;1
D:/GitHub/Datasets/Cats_And_Dogs/train/cats/cat1200.jpg;0;0,52446902;0,5;1
D:/GitHub/Datasets/Cats_And_Dogs/train/cats/cat1217.jpg;0;0,77886099;0,5;1
D:/GitHub/Datasets/Cats_And_Dogs/train/cats/cat1228.jpg;0;0,75943077;0,5;1
D:/GitHub/Datasets/Cats_And_Dogs/train/cats/cat1230.jpg;0;0,94110763;0,5;1
D:/GitHub/Datasets/Cats_And_Dogs/train/cats/cat1248.jpg;0;0,59325868;0,5;1
D:/GitHub/Datasets/Cats_And_Dogs/train/cats/cat1265.jpg;0;0,80170971;0,5;1
D:/GitHub/Datasets/Cats_And_Dogs/train/cats/cat1267.jpg;0;0,70847750;0,5;1
D:/GitHub/Datasets/Cats_And_Dogs/train/cats/cat1311.jpg;0;0,79983157;0,5;1
D:/GitHub/Datasets/Cats_And_Dogs/train/cats/cat1321.jpg;0;0,61378533;0,5;1
D:/GitHub/Datasets/Cats_And_Dogs/train/cats/cat1326.jpg;0;0,72124678;0,5;1
D:/GitHub/Datasets/Cats_And_Dogs/train/cats/cat1338.jpg;0;0,56212372;0,5;1
D:/GitHub/Datasets/Cats_And_Dogs/train/cats/cat1340.jpg;0;0,98038256;0,5;1
D:/GitHub/Datasets/Cats_And_Dogs/train/cats/cat1348.jpg;0;0,60119885;0,5;1
D:/GitHub/Datasets/Cats_And_Dogs/train/cats/cat1361.jpg;0;0,63582516;0,5;1
D:/GitHub/Datasets/Cats_And_Dogs/train/cats/cat1369.jpg;0;0,52928460;0,5;1
D:/GitHub/Datasets/Cats_And_Dogs/train/cats/cat1375.jpg;0;0,84996110;0,5;1
D:/GitHub/Datasets/Cats_And_Dogs/train/cats/cat1401.jpg;0;0,74369454;0,5;1
D:/GitHub/Datasets/Cats_And_Dogs/train/cats/cat1432.jpg;0;0,92267877;0,5;1
D:/GitHub/Datasets/Cats_And_Dogs/train/cats/cat144.jpg;0;0,50237674;0,5;1
D:/GitHub/Datasets/Cats_And_Dogs/train/cats/cat1447.jpg;0;0,56541324;0,5;1
D:/GitHub/Datasets/Cats_And_Dogs/train/cats/cat1451.jpg;0;0,53292578;0,5;1
D:/GitHub/Datasets/Cats_And_Dogs/train/cats/cat1453.jpg;0;0,50896317;0,5;1
D:/GitHub/Datasets/Cats_And_Dogs/train/cats/cat1457.jpg;0;0,96266532;0,5;1
D:/GitHub/Datasets/Cats_And_Dogs/train/cats/cat1480.jpg;0;0,70625961;0,5;1
D:/GitHub/Datasets/Cats_And_Dogs/train/cats/cat1495.jpg;0;0,75713408;0,5;1
D:/GitHub/Datasets/Cats_And_Dogs/train/cats/cat1498.jpg;0;0,92594141;0,5;1
D:/GitHub/Datasets/Cats_And_Dogs/train/cats/cat1521.jpg;0;0,60604799;0,5;1
D:/GitHub/Datasets/Cats_And_Dogs/train/cats/cat1563.jpg;0;0,66069269;0,5;1
D:/GitHub/Datasets/Cats_And_Dogs/train/cats/cat1581.jpg;0;0,84268260;0,5;1
D:/GitHub/Datasets/Cats_And_Dogs/train/cats/cat1591.jpg;0;0,91422743;0,5;1
D:/GitHub/Datasets/Cats_And_Dogs/train/cats/cat1607.jpg;0;0,61549491;0,5;1
D:/GitHub/Datasets/Cats_And_Dogs/train/cats/cat1661.jpg;0;0,79754424;0,5;1
D:/GitHub/Datasets/Cats_And_Dogs/train/cats/cat1677.jpg;0;0,98797262;0,5;1
D:/GitHub/Datasets/Cats_And_Dogs/train/cats/cat1687.jpg;0;0,94786531;0,5;1
D:/GitHub/Datasets/Cats_And_Dogs/train/cats/cat1695.jpg;0;0,77232826;0,5;1
D:/GitHub/Datasets/Cats_And_Dogs/train/cats/cat1708.jpg;0;0,67780817;0,5;1
D:/GitHub/Datasets/Cats_And_Dogs/train/cats/cat1720.jpg;0;0,85066634;0,5;1
D:/GitHub/Datasets/Cats_And_Dogs/train/cats/cat1763.jpg;0;0,65116024;0,5;1
D:/GitHub/Datasets/Cats_And_Dogs/train/cats/cat1769.jpg;0;0,87366116;0,5;1
D:/GitHub/Datasets/Cats_And_Dogs/train/cats/cat1774.jpg;0;0,61077529;0,5;1
D:/GitHub/Datasets/Cats_And_Dogs/train/cats/cat1796.jpg;0;0,85070455;0,5;1
D:/GitHub/Datasets/Cats_And_Dogs/train/cats/cat1835.jpg;0;0,67489111;0,5;1
D:/GitHub/Datasets/Cats_And_Dogs/train/cats/cat1868.jpg;0;0,57451415;0,5;1
D:/GitHub/Datasets/Cats_And_Dogs/train/cats/cat189.jpg;0;0,84190583;0,5;1
D:/GitHub/Datasets/Cats_And_Dogs/train/cats/cat1890.jpg;0;0,87952048;0,5;1
D:/GitHub/Datasets/Cats_And_Dogs/train/cats/cat1891.jpg;0;0,61151898;0,5;1
D:/GitHub/Datasets/Cats_And_Dogs/train/cats/cat1906.jpg;0;0,67135870;0,5;1
D:/GitHub/Datasets/Cats_And_Dogs/train/cats/cat1922.jpg;0;0,57371223;0,5;1
D:/GitHub/Datasets/Cats_And_Dogs/train/cats/cat1939.jpg;0;0,55996859;0,5;1
D:/GitHub/Datasets/Cats_And_Dogs/train/cats/cat1956.jpg;0;0,55134636;0,5;1
D:/GitHub/Datasets/Cats_And_Dogs/train/cats/cat1959.jpg;0;0,54451334;0,5;1
D:/GitHub/Datasets/Cats_And_Dogs/train/cats/cat1976.jpg;0;0,77635783;0,5;1
D:/GitHub/Datasets/Cats_And_Dogs/train/cats/cat1978.jpg;0;0,64450473;0,5;1
D:/GitHub/Datasets/Cats_And_Dogs/train/cats/cat1980.jpg;0;0,55452824;0,5;1
D:/GitHub/Datasets/Cats_And_Dogs/train/cats/cat1982.jpg;0;0,64398217;0,5;1
D:/GitHub/Datasets/Cats_And_Dogs/train/cats/cat1983.jpg;0;0,55870986;0,5;1
D:/GitHub/Datasets/Cats_And_Dogs/train/cats/cat2033.jpg;0;0,59721869;0,5;1
D:/GitHub/Datasets/Cats_And_Dogs/train/cats/cat2043.jpg;0;0,72157216;0,5;1
D:/GitHub/Datasets/Cats_And_Dogs/train/cats/cat2044.jpg;0;0,63264155;0,5;1
D:/GitHub/Datasets/Cats_And_Dogs/train/cats/cat2063.jpg;0;0,93574619;0,5;1
D:/GitHub/Datasets/Cats_And_Dogs/train/cats/cat208.jpg;0;0,89799792;0,5;1
D:/GitHub/Datasets/Cats_And_Dogs/train/cats/cat2113.jpg;0;0,82084894;0,5;1
D:/GitHub/Datasets/Cats_And_Dogs/train/cats/cat215.jpg;0;0,87008333;0,5;1
D:/GitHub/Datasets/Cats_And_Dogs/train/cats/cat217.jpg;0;0,71811140;0,5;1
D:/GitHub/Datasets/Cats_And_Dogs/train/cats/cat2183.jpg;0;0,67628950;0,5;1
D:/GitHub/Datasets/Cats_And_Dogs/train/cats/cat2185.jpg;0;0,87467945;0,5;1
D:/GitHub/Datasets/Cats_And_Dogs/train/cats/cat2188.jpg;0;0,75532496;0,5;1
D:/GitHub/Datasets/Cats_And_Dogs/train/cats/cat2192.jpg;0;0,65670890;0,5;1
D:/GitHub/Datasets/Cats_And_Dogs/train/cats/cat2232.jpg;0;0,67014658;0,5;1
D:/GitHub/Datasets/Cats_And_Dogs/train/cats/cat2243.jpg;0;0,76544887;0,5;1
D:/GitHub/Datasets/Cats_And_Dogs/train/cats/cat2301.jpg;0;0,61573416;0,5;1
D:/GitHub/Datasets/Cats_And_Dogs/train/cats/cat2307.jpg;0;0,76165509;0,5;1
D:/GitHub/Datasets/Cats_And_Dogs/train/cats/cat236.jpg;0;0,99687779;0,5;1
D:/GitHub/Datasets/Cats_And_Dogs/train/cats/cat2362.jpg;0;0,74191558;0,5;1
D:/GitHub/Datasets/Cats_And_Dogs/train/cats/cat2371.jpg;0;0,62924123;0,5;1
D:/GitHub/Datasets/Cats_And_Dogs/train/cats/cat2372.jpg;0;0,54091340;0,5;1
D:/GitHub/Datasets/Cats_And_Dogs/train/cats/cat2377.jpg;0;0,85452944;0,5;1
D:/GitHub/Datasets/Cats_And_Dogs/train/cats/cat2397.jpg;0;0,53524929;0,5;1
D:/GitHub/Datasets/Cats_And_Dogs/train/cats/cat2407.jpg;0;0,73652959;0,5;1
D:/GitHub/Datasets/Cats_And_Dogs/train/cats/cat2431.jpg;0;0,51142442;0,5;1
D:/GitHub/Datasets/Cats_And_Dogs/train/cats/cat2442.jpg;0;0,50630546;0,5;1
D:/GitHub/Datasets/Cats_And_Dogs/train/cats/cat2455.jpg;0;0,73915988;0,5;1
D:/GitHub/Datasets/Cats_And_Dogs/train/cats/cat2468.jpg;0;0,83204740;0,5;1
D:/GitHub/Datasets/Cats_And_Dogs/train/cats/cat2472.jpg;0;0,61902243;0,5;1
D:/GitHub/Datasets/Cats_And_Dogs/train/cats/cat2506.jpg;0;0,56267011;0,5;1
D:/GitHub/Datasets/Cats_And_Dogs/train/cats/cat2520.jpg;0;0,54103005;0,5;1
D:/GitHub/Datasets/Cats_And_Dogs/train/cats/cat2522.jpg;0;0,58886862;0,5;1
D:/GitHub/Datasets/Cats_And_Dogs/train/cats/cat2535.jpg;0;0,71610051;0,5;1
D:/GitHub/Datasets/Cats_And_Dogs/train/cats/cat2563.jpg;0;0,70301884;0,5;1
D:/GitHub/Datasets/Cats_And_Dogs/train/cats/cat2638.jpg;0;0,87251508;0,5;1
D:/GitHub/Datasets/Cats_And_Dogs/train/cats/cat2655.jpg;0;0,97840923;0,5;1
D:/GitHub/Datasets/Cats_And_Dogs/train/cats/cat2657.jpg;0;0,63883668;0,5;1
D:/GitHub/Datasets/Cats_And_Dogs/train/cats/cat2696.jpg;0;0,59654105;0,5;1
D:/GitHub/Datasets/Cats_And_Dogs/train/cats/cat2718.jpg;0;0,52377558;0,5;1
D:/GitHub/Datasets/Cats_And_Dogs/train/cats/cat2772.jpg;0;0,93017071;0,5;1
D:/GitHub/Datasets/Cats_And_Dogs/train/cats/cat2812.jpg;0;0,92928344;0,5;1
D:/GitHub/Datasets/Cats_And_Dogs/train/cats/cat2816.jpg;0;0,77459645;0,5;1
D:/GitHub/Datasets/Cats_And_Dogs/train/cats/cat2851.jpg;0;0,76457679;0,5;1
D:/GitHub/Datasets/Cats_And_Dogs/train/cats/cat288.jpg;0;0,61181074;0,5;1
D:/GitHub/Datasets/Cats_And_Dogs/train/cats/cat2914.jpg;0;0,51894236;0,5;1
D:/GitHub/Datasets/Cats_And_Dogs/train/cats/cat2918.jpg;0;0,54512703;0,5;1
D:/GitHub/Datasets/Cats_And_Dogs/train/cats/cat2932.jpg;0;0,81066334;0,5;1
D:/GitHub/Datasets/Cats_And_Dogs/train/cats/cat2934.jpg;0;0,64799696;0,5;1
D:/GitHub/Datasets/Cats_And_Dogs/train/cats/cat2948.jpg;0;0,69744539;0,5;1
D:/GitHub/Datasets/Cats_And_Dogs/train/cats/cat2949.jpg;0;0,84224993;0,5;1
D:/GitHub/Datasets/Cats_And_Dogs/train/cats/cat2954.jpg;0;0,70943689;0,5;1
D:/GitHub/Datasets/Cats_And_Dogs/train/cats/cat2968.jpg;0;0,91498262;0,5;1
D:/GitHub/Datasets/Cats_And_Dogs/train/cats/cat2973.jpg;0;0,81257117;0,5;1
D:/GitHub/Datasets/Cats_And_Dogs/train/cats/cat2998.jpg;0;0,68861932;0,5;1
D:/GitHub/Datasets/Cats_And_Dogs/train/cats/cat3001.jpg;0;0,81513512;0,5;1
D:/GitHub/Datasets/Cats_And_Dogs/train/cats/cat3018.jpg;0;0,73155284;0,5;1
D:/GitHub/Datasets/Cats_And_Dogs/train/cats/cat303.jpg;0;0,79503942;0,5;1
D:/GitHub/Datasets/Cats_And_Dogs/train/cats/cat3030.jpg;0;0,61933655;0,5;1
D:/GitHub/Datasets/Cats_And_Dogs/train/cats/cat3036.jpg;0;0,84694403;0,5;1
D:/GitHub/Datasets/Cats_And_Dogs/train/cats/cat3074.jpg;0;0,99302495;0,5;1
D:/GitHub/Datasets/Cats_And_Dogs/train/cats/cat3083.jpg;0;0,65272862;0,5;1
D:/GitHub/Datasets/Cats_And_Dogs/train/cats/cat3106.jpg;0;0,64007765;0,5;1
D:/GitHub/Datasets/Cats_And_Dogs/train/cats/cat3108.jpg;0;0,51882416;0,5;1
D:/GitHub/Datasets/Cats_And_Dogs/train/cats/cat3124.jpg;0;0,58851510;0,5;1
D:/GitHub/Datasets/Cats_And_Dogs/train/cats/cat3128.jpg;0;0,97930884;0,5;1
D:/GitHub/Datasets/Cats_And_Dogs/train/cats/cat3136.jpg;0;0,58292443;0,5;1
D:/GitHub/Datasets/Cats_And_Dogs/train/cats/cat3140.jpg;0;0,91197610;0,5;1
D:/GitHub/Datasets/Cats_And_Dogs/train/cats/cat3145.jpg;0;0,57548314;0,5;1
D:/GitHub/Datasets/Cats_And_Dogs/train/cats/cat3196.jpg;0;0,55545664;0,5;1
D:/GitHub/Datasets/Cats_And_Dogs/train/cats/cat3212.jpg;0;0,50480211;0,5;1
D:/GitHub/Datasets/Cats_And_Dogs/train/cats/cat3236.jpg;0;0,87214971;0,5;1
D:/GitHub/Datasets/Cats_And_Dogs/train/cats/cat3249.jpg;0;0,60698599;0,5;1
D:/GitHub/Datasets/Cats_And_Dogs/train/cats/cat3264.jpg;0;0,51203871;0,5;1
D:/GitHub/Datasets/Cats_And_Dogs/train/cats/cat3269.jpg;0;0,61963540;0,5;1
D:/GitHub/Datasets/Cats_And_Dogs/train/cats/cat3274.jpg;0;0,60606861;0,5;1
D:/GitHub/Datasets/Cats_And_Dogs/train/cats/cat3280.jpg;0;0,95299262;0,5;1
D:/GitHub/Datasets/Cats_And_Dogs/train/cats/cat3300.jpg;0;0,59576815;0,5;1
D:/GitHub/Datasets/Cats_And_Dogs/train/cats/cat3313.jpg;0;0,92711145;0,5;1
D:/GitHub/Datasets/Cats_And_Dogs/train/cats/cat3325.jpg;0;0,58998114;0,5;1
D:/GitHub/Datasets/Cats_And_Dogs/train/cats/cat340.jpg;0;0,61262524;0,5;1
D:/GitHub/Datasets/Cats_And_Dogs/train/cats/cat3406.jpg;0;0,73496085;0,5;1
D:/GitHub/Datasets/Cats_And_Dogs/train/cats/cat3415.jpg;0;0,71105945;0,5;1
D:/GitHub/Datasets/Cats_And_Dogs/train/cats/cat3457.jpg;0;0,82961029;0,5;1
D:/GitHub/Datasets/Cats_And_Dogs/train/cats/cat3474.jpg;0;0,74231362;0,5;1
D:/GitHub/Datasets/Cats_And_Dogs/train/cats/cat3484.jpg;0;0,97069585;0,5;1
D:/GitHub/Datasets/Cats_And_Dogs/train/cats/cat3501.jpg;0;0,50960273;0,5;1
D:/GitHub/Datasets/Cats_And_Dogs/train/cats/cat351.jpg;0;0,57788616;0,5;1
D:/GitHub/Datasets/Cats_And_Dogs/train/cats/cat3522.jpg;0;0,65966314;0,5;1
D:/GitHub/Datasets/Cats_And_Dogs/train/cats/cat3523.jpg;0;0,98009813;0,5;1
D:/GitHub/Datasets/Cats_And_Dogs/train/cats/cat3528.jpg;0;0,92471719;0,5;1
D:/GitHub/Datasets/Cats_And_Dogs/train/cats/cat3540.jpg;0;0,51387352;0,5;1
D:/GitHub/Datasets/Cats_And_Dogs/train/cats/cat3606.jpg;0;0,89871687;0,5;1
D:/GitHub/Datasets/Cats_And_Dogs/train/cats/cat3614.jpg;0;0,95329750;0,5;1
D:/GitHub/Datasets/Cats_And_Dogs/train/cats/cat3637.jpg;0;0,55634850;0,5;1
D:/GitHub/Datasets/Cats_And_Dogs/train/cats/cat3644.jpg;0;0,76347315;0,5;1
D:/GitHub/Datasets/Cats_And_Dogs/train/cats/cat3658.jpg;0;0,83305204;0,5;1
D:/GitHub/Datasets/Cats_And_Dogs/train/cats/cat3659.jpg;0;0,67185593;0,5;1
D:/GitHub/Datasets/Cats_And_Dogs/train/cats/cat3662.jpg;0;0,69970489;0,5;1
D:/GitHub/Datasets/Cats_And_Dogs/train/cats/cat3674.jpg;0;0,79432666;0,5;1
D:/GitHub/Datasets/Cats_And_Dogs/train/cats/cat3680.jpg;0;0,56346977;0,5;1
D:/GitHub/Datasets/Cats_And_Dogs/train/cats/cat3683.jpg;0;0,56936872;0,5;1
D:/GitHub/Datasets/Cats_And_Dogs/train/cats/cat3686.jpg;0;0,99021786;0,5;1
D:/GitHub/Datasets/Cats_And_Dogs/train/cats/cat3694.jpg;0;0,75361788;0,5;1
D:/GitHub/Datasets/Cats_And_Dogs/train/cats/cat3701.jpg;0;0,72290820;0,5;1
D:/GitHub/Datasets/Cats_And_Dogs/train/cats/cat3706.jpg;0;0,68068850;0,5;1
D:/GitHub/Datasets/Cats_And_Dogs/train/cats/cat371.jpg;0;0,67446411;0,5;1
D:/GitHub/Datasets/Cats_And_Dogs/train/cats/cat3719.jpg;0;0,91037422;0,5;1
D:/GitHub/Datasets/Cats_And_Dogs/train/cats/cat3764.jpg;0;0,86440134;0,5;1
D:/GitHub/Datasets/Cats_And_Dogs/train/cats/cat3772.jpg;0;0,78950363;0,5;1
D:/GitHub/Datasets/Cats_And_Dogs/train/cats/cat379.jpg;0;0,80920035;0,5;1
D:/GitHub/Datasets/Cats_And_Dogs/train/cats/cat3826.jpg;0;0,86467880;0,5;1
D:/GitHub/Datasets/Cats_And_Dogs/train/cats/cat383.jpg;0;0,58505911;0,5;1
D:/GitHub/Datasets/Cats_And_Dogs/train/cats/cat3838.jpg;0;0,73159069;0,5;1
D:/GitHub/Datasets/Cats_And_Dogs/train/cats/cat3869.jpg;0;0,61321259;0,5;1
D:/GitHub/Datasets/Cats_And_Dogs/train/cats/cat3870.jpg;0;0,55541497;0,5;1
D:/GitHub/Datasets/Cats_And_Dogs/train/cats/cat3873.jpg;0;0,75980431;0,5;1
D:/GitHub/Datasets/Cats_And_Dogs/train/cats/cat391.jpg;0;0,82958901;0,5;1
D:/GitHub/Datasets/Cats_And_Dogs/train/cats/cat3951.jpg;0;0,88486290;0,5;1
D:/GitHub/Datasets/Cats_And_Dogs/train/cats/cat4017.jpg;0;0,76866150;0,5;1
D:/GitHub/Datasets/Cats_And_Dogs/train/cats/cat402.jpg;0;0,52934194;0,5;1
D:/GitHub/Datasets/Cats_And_Dogs/train/cats/cat4031.jpg;0;0,65835333;0,5;1
D:/GitHub/Datasets/Cats_And_Dogs/train/cats/cat41.jpg;0;0,88039798;0,5;1
D:/GitHub/Datasets/Cats_And_Dogs/train/cats/cat4101.jpg;0;0,84515959;0,5;1
D:/GitHub/Datasets/Cats_And_Dogs/train/cats/cat4118.jpg;0;0,93647557;0,5;1
D:/GitHub/Datasets/Cats_And_Dogs/train/cats/cat4141.jpg;0;0,74543679;0,5;1
D:/GitHub/Datasets/Cats_And_Dogs/train/cats/cat4146.jpg;0;0,96381676;0,5;1
D:/GitHub/Datasets/Cats_And_Dogs/train/cats/cat4170.jpg;0;0,86353731;0,5;1
D:/GitHub/Datasets/Cats_And_Dogs/train/cats/cat4180.jpg;0;0,93813837;0,5;1
D:/GitHub/Datasets/Cats_And_Dogs/train/cats/cat4188.jpg;0;0,73904222;0,5;1
D:/GitHub/Datasets/Cats_And_Dogs/train/cats/cat4218.jpg;0;0,98382992;0,5;1
D:/GitHub/Datasets/Cats_And_Dogs/train/cats/cat4233.jpg;0;0,50224686;0,5;1
D:/GitHub/Datasets/Cats_And_Dogs/train/cats/cat4236.jpg;0;0,67730653;0,5;1
D:/GitHub/Datasets/Cats_And_Dogs/train/cats/cat4237.jpg;0;0,60243320;0,5;1
D:/GitHub/Datasets/Cats_And_Dogs/train/cats/cat4268.jpg;0;0,97551608;0,5;1
D:/GitHub/Datasets/Cats_And_Dogs/train/cats/cat4288.jpg;0;0,90579343;0,5;1
D:/GitHub/Datasets/Cats_And_Dogs/train/cats/cat429.jpg;0;0,54455960;0,5;1
D:/GitHub/Datasets/Cats_And_Dogs/train/cats/cat43.jpg;0;0,81652379;0,5;1
D:/GitHub/Datasets/Cats_And_Dogs/train/cats/cat4309.jpg;0;0,50051659;0,5;1
D:/GitHub/Datasets/Cats_And_Dogs/train/cats/cat4317.jpg;0;0,91344911;0,5;1
D:/GitHub/Datasets/Cats_And_Dogs/train/cats/cat4350.jpg;0;0,86760956;0,5;1
D:/GitHub/Datasets/Cats_And_Dogs/train/cats/cat436.jpg;0;0,56351286;0,5;1
D:/GitHub/Datasets/Cats_And_Dogs/train/cats/cat4364.jpg;0;0,52986515;0,5;1
D:/GitHub/Datasets/Cats_And_Dogs/train/cats/cat4365.jpg;0;0,67135525;0,5;1
D:/GitHub/Datasets/Cats_And_Dogs/train/cats/cat4395.jpg;0;0,77522933;0,5;1
D:/GitHub/Datasets/Cats_And_Dogs/train/cats/cat440.jpg;0;0,94387555;0,5;1
D:/GitHub/Datasets/Cats_And_Dogs/train/cats/cat4460.jpg;0;0,70058715;0,5;1
D:/GitHub/Datasets/Cats_And_Dogs/train/cats/cat4474.jpg;0;0,84061331;0,5;1
D:/GitHub/Datasets/Cats_And_Dogs/train/cats/cat448.jpg;0;0,95841467;0,5;1
D:/GitHub/Datasets/Cats_And_Dogs/train/cats/cat4497.jpg;0;0,57951313;0,5;1
D:/GitHub/Datasets/Cats_And_Dogs/train/cats/cat478.jpg;0;0,77580899;0,5;1
D:/GitHub/Datasets/Cats_And_Dogs/train/cats/cat482.jpg;0;0,71592635;0,5;1
D:/GitHub/Datasets/Cats_And_Dogs/train/cats/cat486.jpg;0;0,72324890;0,5;1
D:/GitHub/Datasets/Cats_And_Dogs/train/cats/cat501.jpg;0;0,57075155;0,5;1
D:/GitHub/Datasets/Cats_And_Dogs/train/cats/cat52.jpg;0;0,75993693;0,5;1
D:/GitHub/Datasets/Cats_And_Dogs/train/cats/cat520.jpg;0;0,62632287;0,5;1
D:/GitHub/Datasets/Cats_And_Dogs/train/cats/cat537.jpg;0;0,92660135;0,5;1
D:/GitHub/Datasets/Cats_And_Dogs/train/cats/cat540.jpg;0;0,76450604;0,5;1
D:/GitHub/Datasets/Cats_And_Dogs/train/cats/cat541.jpg;0;0,79539812;0,5;1
D:/GitHub/Datasets/Cats_And_Dogs/train/cats/cat566.jpg;0;0,93955529;0,5;1
D:/GitHub/Datasets/Cats_And_Dogs/train/cats/cat573.jpg;0;0,65206289;0,5;1
D:/GitHub/Datasets/Cats_And_Dogs/train/cats/cat575.jpg;0;0,64339209;0,5;1
D:/GitHub/Datasets/Cats_And_Dogs/train/cats/cat606.jpg;0;0,97309047;0,5;1
D:/GitHub/Datasets/Cats_And_Dogs/train/cats/cat607.jpg;0;0,66466779;0,5;1
D:/GitHub/Datasets/Cats_And_Dogs/train/cats/cat611.jpg;0;0,97988510;0,5;1
D:/GitHub/Datasets/Cats_And_Dogs/train/cats/cat614.jpg;0;0,92291087;0,5;1
D:/GitHub/Datasets/Cats_And_Dogs/train/cats/cat634.jpg;0;0,97993749;0,5;1
D:/GitHub/Datasets/Cats_And_Dogs/train/cats/cat704.jpg;0;0,60010713;0,5;1
D:/GitHub/Datasets/Cats_And_Dogs/train/cats/cat72.jpg;0;0,68385965;0,5;1
D:/GitHub/Datasets/Cats_And_Dogs/train/cats/cat754.jpg;0;0,54438144;0,5;1
D:/GitHub/Datasets/Cats_And_Dogs/train/cats/cat758.jpg;0;0,67053223;0,5;1
D:/GitHub/Datasets/Cats_And_Dogs/train/cats/cat78.jpg;0;0,95819080;0,5;1
D:/GitHub/Datasets/Cats_And_Dogs/train/cats/cat833.jpg;0;0,65022647;0,5;1
D:/GitHub/Datasets/Cats_And_Dogs/train/cats/cat847.jpg;0;0,51137048;0,5;1
D:/GitHub/Datasets/Cats_And_Dogs/train/cats/cat849.jpg;0;0,60730445;0,5;1
D:/GitHub/Datasets/Cats_And_Dogs/train/cats/cat850.jpg;0;0,50828993;0,5;1
D:/GitHub/Datasets/Cats_And_Dogs/train/cats/cat863.jpg;0;0,97138369;0,5;1
D:/GitHub/Datasets/Cats_And_Dogs/train/cats/cat87.jpg;0;0,73063296;0,5;1
D:/GitHub/Datasets/Cats_And_Dogs/train/cats/cat876.jpg;0;0,94262910;0,5;1
D:/GitHub/Datasets/Cats_And_Dogs/train/cats/cat881.jpg;0;0,56856948;0,5;1
D:/GitHub/Datasets/Cats_And_Dogs/train/cats/cat9.jpg;0;0,75078857;0,5;1
D:/GitHub/Datasets/Cats_And_Dogs/train/cats/cat910.jpg;0;0,91328168;0,5;1
D:/GitHub/Datasets/Cats_And_Dogs/train/cats/cat930.jpg;0;0,59247994;0,5;1
D:/GitHub/Datasets/Cats_And_Dogs/train/cats/cat972.jpg;0;0,74264842;0,5;1
D:/GitHub/Datasets/Cats_And_Dogs/train/cats/cat977.jpg;0;0,65346289;0,5;1
D:/GitHub/Datasets/Cats_And_Dogs/train/dogs/dog10.jpg;1;0,46901357;0,5;0
D:/GitHub/Datasets/Cats_And_Dogs/train/dogs/dog1017.jpg;1;0,34541348;0,5;0
D:/GitHub/Datasets/Cats_And_Dogs/train/dogs/dog1019.jpg;1;0,42284262;0,5;0
D:/GitHub/Datasets/Cats_And_Dogs/train/dogs/dog103.jpg;1;0,14009689;0,5;0
D:/GitHub/Datasets/Cats_And_Dogs/train/dogs/dog1040.jpg;1;0,37103185;0,5;0
D:/GitHub/Datasets/Cats_And_Dogs/train/dogs/dog1046.jpg;1;0,06579276;0,5;0
D:/GitHub/Datasets/Cats_And_Dogs/train/dogs/dog1049.jpg;1;0,29743209;0,5;0
D:/GitHub/Datasets/Cats_And_Dogs/train/dogs/dog1065.jpg;1;0,25616497;0,5;0
D:/GitHub/Datasets/Cats_And_Dogs/train/dogs/dog1070.jpg;1;0,44041634;0,5;0
D:/GitHub/Datasets/Cats_And_Dogs/train/dogs/dog1077.jpg;1;0,41959524;0,5;0
D:/GitHub/Datasets/Cats_And_Dogs/train/dogs/dog1095.jpg;1;0,48584077;0,5;0
D:/GitHub/Datasets/Cats_And_Dogs/train/dogs/dog1097.jpg;1;0,35696882;0,5;0
D:/GitHub/Datasets/Cats_And_Dogs/train/dogs/dog1101.jpg;1;0,47208253;0,5;0
D:/GitHub/Datasets/Cats_And_Dogs/train/dogs/dog1119.jpg;1;0,49790633;0,5;0
D:/GitHub/Datasets/Cats_And_Dogs/train/dogs/dog1130.jpg;1;0,21686178;0,5;0
D:/GitHub/Datasets/Cats_And_Dogs/train/dogs/dog1131.jpg;1;0,17939065;0,5;0
D:/GitHub/Datasets/Cats_And_Dogs/train/dogs/dog1133.jpg;1;0,23079805;0,5;0
D:/GitHub/Datasets/Cats_And_Dogs/train/dogs/dog1137.jpg;1;0,08065243;0,5;0
D:/GitHub/Datasets/Cats_And_Dogs/train/dogs/dog115.jpg;1;0,31478944;0,5;0
D:/GitHub/Datasets/Cats_And_Dogs/train/dogs/dog1154.jpg;1;0,44972238;0,5;0
D:/GitHub/Datasets/Cats_And_Dogs/train/dogs/dog1159.jpg;1;0,22570160;0,5;0
D:/GitHub/Datasets/Cats_And_Dogs/train/dogs/dog1176.jpg;1;0,38962811;0,5;0
D:/GitHub/Datasets/Cats_And_Dogs/train/dogs/dog1179.jpg;1;0,25982049;0,5;0
D:/GitHub/Datasets/Cats_And_Dogs/train/dogs/dog1194.jpg;1;0,44815263;0,5;0
D:/GitHub/Datasets/Cats_And_Dogs/train/dogs/dog1198.jpg;1;0,46496108;0,5;0
D:/GitHub/Datasets/Cats_And_Dogs/train/dogs/dog1223.jpg;1;0,11077521;0,5;0
D:/GitHub/Datasets/Cats_And_Dogs/train/dogs/dog1231.jpg;1;0,44598013;0,5;0
D:/GitHub/Datasets/Cats_And_Dogs/train/dogs/dog1238.jpg;1;0,47557050;0,5;0
D:/GitHub/Datasets/Cats_And_Dogs/train/dogs/dog1243.jpg;1;0,49262223;0,5;0
D:/GitHub/Datasets/Cats_And_Dogs/train/dogs/dog1254.jpg;1;0,40960839;0,5;0
D:/GitHub/Datasets/Cats_And_Dogs/train/dogs/dog1258.jpg;1;0,42820275;0,5;0
D:/GitHub/Datasets/Cats_And_Dogs/train/dogs/dog1261.jpg;1;0,16461940;0,5;0
D:/GitHub/Datasets/Cats_And_Dogs/train/dogs/dog1289.jpg;1;0,24094430;0,5;0
D:/GitHub/Datasets/Cats_And_Dogs/train/dogs/dog1298.jpg;1;0,28588307;0,5;0
D:/GitHub/Datasets/Cats_And_Dogs/train/dogs/dog1304.jpg;1;0,16662028;0,5;0
D:/GitHub/Datasets/Cats_And_Dogs/train/dogs/dog131.jpg;1;0,09985636;0,5;0
D:/GitHub/Datasets/Cats_And_Dogs/train/dogs/dog1315.jpg;1;0,14924750;0,5;0
D:/GitHub/Datasets/Cats_And_Dogs/train/dogs/dog1317.jpg;1;0,47176594;0,5;0
D:/GitHub/Datasets/Cats_And_Dogs/train/dogs/dog1322.jpg;1;0,04858075;0,5;0
D:/GitHub/Datasets/Cats_And_Dogs/train/dogs/dog1323.jpg;1;0,19954547;0,5;0
D:/GitHub/Datasets/Cats_And_Dogs/train/dogs/dog134.jpg;1;0,42498562;0,5;0
D:/GitHub/Datasets/Cats_And_Dogs/train/dogs/dog1347.jpg;1;0,41656014;0,5;0
D:/GitHub/Datasets/Cats_And_Dogs/train/dogs/dog136.jpg;1;0,18351734;0,5;0
D:/GitHub/Datasets/Cats_And_Dogs/train/dogs/dog1365.jpg;1;0,38196164;0,5;0
D:/GitHub/Datasets/Cats_And_Dogs/train/dogs/dog1366.jpg;1;0,37945142;0,5;0
D:/GitHub/Datasets/Cats_And_Dogs/train/dogs/dog1381.jpg;1;0,41935050;0,5;0
D:/GitHub/Datasets/Cats_And_Dogs/train/dogs/dog1417.jpg;1;0,33513072;0,5;0
D:/GitHub/Datasets/Cats_And_Dogs/train/dogs/dog1433.jpg;1;0,01395492;0,5;0
D:/GitHub/Datasets/Cats_And_Dogs/train/dogs/dog1436.jpg;1;0,43241027;0,5;0
D:/GitHub/Datasets/Cats_And_Dogs/train/dogs/dog1440.jpg;1;0,26249290;0,5;0
D:/GitHub/Datasets/Cats_And_Dogs/train/dogs/dog1446.jpg;1;0,36131191;0,5;0
D:/GitHub/Datasets/Cats_And_Dogs/train/dogs/dog145.jpg;1;0,17827068;0,5;0
D:/GitHub/Datasets/Cats_And_Dogs/train/dogs/dog1450.jpg;1;0,16732015;0,5;0
D:/GitHub/Datasets/Cats_And_Dogs/train/dogs/dog1460.jpg;1;0,31338954;0,5;0
D:/GitHub/Datasets/Cats_And_Dogs/train/dogs/dog1468.jpg;1;0,18085888;0,5;0
D:/GitHub/Datasets/Cats_And_Dogs/train/dogs/dog148.jpg;1;0,09242810;0,5;0
D:/GitHub/Datasets/Cats_And_Dogs/train/dogs/dog1503.jpg;1;0,31454319;0,5;0
D:/GitHub/Datasets/Cats_And_Dogs/train/dogs/dog1508.jpg;1;0,42875731;0,5;0
D:/GitHub/Datasets/Cats_And_Dogs/train/dogs/dog1511.jpg;1;0,11898759;0,5;0
D:/GitHub/Datasets/Cats_And_Dogs/train/dogs/dog1525.jpg;1;0,10106958;0,5;0
D:/GitHub/Datasets/Cats_And_Dogs/train/dogs/dog1532.jpg;1;0,30284563;0,5;0
D:/GitHub/Datasets/Cats_And_Dogs/train/dogs/dog1542.jpg;1;0,12593119;0,5;0
D:/GitHub/Datasets/Cats_And_Dogs/train/dogs/dog1544.jpg;1;0,03248709;0,5;0
D:/GitHub/Datasets/Cats_And_Dogs/train/dogs/dog1545.jpg;1;0,38009679;0,5;0
D:/GitHub/Datasets/Cats_And_Dogs/train/dogs/dog1559.jpg;1;0,48545569;0,5;0
D:/GitHub/Datasets/Cats_And_Dogs/train/dogs/dog1578.jpg;1;0,31680918;0,5;0
D:/GitHub/Datasets/Cats_And_Dogs/train/dogs/dog1595.jpg;1;0,15863055;0,5;0
D:/GitHub/Datasets/Cats_And_Dogs/train/dogs/dog161.jpg;1;0,15581827;0,5;0
D:/GitHub/Datasets/Cats_And_Dogs/train/dogs/dog1634.jpg;1;0,23534475;0,5;0
D:/GitHub/Datasets/Cats_And_Dogs/train/dogs/dog1652.jpg;1;0,35078546;0,5;0
D:/GitHub/Datasets/Cats_And_Dogs/train/dogs/dog1656.jpg;1;0,38637203;0,5;0
D:/GitHub/Datasets/Cats_And_Dogs/train/dogs/dog1664.jpg;1;0,27531078;0,5;0
D:/GitHub/Datasets/Cats_And_Dogs/train/dogs/dog1666.jpg;1;0,36804631;0,5;0
D:/GitHub/Datasets/Cats_And_Dogs/train/dogs/dog1667.jpg;1;0,08025163;0,5;0
D:/GitHub/Datasets/Cats_And_Dogs/train/dogs/dog1672.jpg;1;0,46753243;0,5;0
D:/GitHub/Datasets/Cats_And_Dogs/train/dogs/dog1692.jpg;1;0,14225756;0,5;0
D:/GitHub/Datasets/Cats_And_Dogs/train/dogs/dog1709.jpg;1;0,28421143;0,5;0
D:/GitHub/Datasets/Cats_And_Dogs/train/dogs/dog1711.jpg;1;0,15412252;0,5;0
D:/GitHub/Datasets/Cats_And_Dogs/train/dogs/dog1726.jpg;1;0,03967209;0,5;0
D:/GitHub/Datasets/Cats_And_Dogs/train/dogs/dog1735.jpg;1;0,19621436;0,5;0
D:/GitHub/Datasets/Cats_And_Dogs/train/dogs/dog1736.jpg;1;0,19002189;0,5;0
D:/GitHub/Datasets/Cats_And_Dogs/train/dogs/dog1742.jpg;1;0,47165447;0,5;0
D:/GitHub/Datasets/Cats_And_Dogs/train/dogs/dog1771.jpg;1;0,14114469;0,5;0
D:/GitHub/Datasets/Cats_And_Dogs/train/dogs/dog1779.jpg;1;0,28991488;0,5;0
D:/GitHub/Datasets/Cats_And_Dogs/train/dogs/dog1816.jpg;1;0,13181698;0,5;0
D:/GitHub/Datasets/Cats_And_Dogs/train/dogs/dog1823.jpg;1;0,31408471;0,5;0
D:/GitHub/Datasets/Cats_And_Dogs/train/dogs/dog1825.jpg;1;0,43303946;0,5;0
D:/GitHub/Datasets/Cats_And_Dogs/train/dogs/dog1844.jpg;1;0,11051830;0,5;0
D:/GitHub/Datasets/Cats_And_Dogs/train/dogs/dog1847.jpg;1;0,23834339;0,5;0
D:/GitHub/Datasets/Cats_And_Dogs/train/dogs/dog1849.jpg;1;0,49315381;0,5;0
D:/GitHub/Datasets/Cats_And_Dogs/train/dogs/dog1853.jpg;1;0,18463440;0,5;0
D:/GitHub/Datasets/Cats_And_Dogs/train/dogs/dog1857.jpg;1;0,34565133;0,5;0
D:/GitHub/Datasets/Cats_And_Dogs/train/dogs/dog1869.jpg;1;0,20259279;0,5;0
D:/GitHub/Datasets/Cats_And_Dogs/train/dogs/dog1888.jpg;1;0,39088625;0,5;0
D:/GitHub/Datasets/Cats_And_Dogs/train/dogs/dog1905.jpg;1;0,15390855;0,5;0
D:/GitHub/Datasets/Cats_And_Dogs/train/dogs/dog1915.jpg;1;0,41438168;0,5;0
D:/GitHub/Datasets/Cats_And_Dogs/train/dogs/dog1918.jpg;1;0,03496611;0,5;0
D:/GitHub/Datasets/Cats_And_Dogs/train/dogs/dog1922.jpg;1;0,05099165;0,5;0
D:/GitHub/Datasets/Cats_And_Dogs/train/dogs/dog1943.jpg;1;0,28538671;0,5;0
D:/GitHub/Datasets/Cats_And_Dogs/train/dogs/dog1944.jpg;1;0,36916202;0,5;0
D:/GitHub/Datasets/Cats_And_Dogs/train/dogs/dog1957.jpg;1;0,21733993;0,5;0
D:/GitHub/Datasets/Cats_And_Dogs/train/dogs/dog1977.jpg;1;0,26165843;0,5;0
D:/GitHub/Datasets/Cats_And_Dogs/train/dogs/dog1979.jpg;1;0,16959098;0,5;0
D:/GitHub/Datasets/Cats_And_Dogs/train/dogs/dog198.jpg;1;0,17030951;0,5;0
D:/GitHub/Datasets/Cats_And_Dogs/train/dogs/dog2000.jpg;1;0,38008833;0,5;0
D:/GitHub/Datasets/Cats_And_Dogs/train/dogs/dog2010.jpg;1;0,24567540;0,5;0
D:/GitHub/Datasets/Cats_And_Dogs/train/dogs/dog2017.jpg;1;0,21645543;0,5;0
D:/GitHub/Datasets/Cats_And_Dogs/train/dogs/dog2026.jpg;1;0,45783293;0,5;0
D:/GitHub/Datasets/Cats_And_Dogs/train/dogs/dog2029.jpg;1;0,05531303;0,5;0
D:/GitHub/Datasets/Cats_And_Dogs/train/dogs/dog2051.jpg;1;0,05947146;0,5;0
D:/GitHub/Datasets/Cats_And_Dogs/train/dogs/dog2055.jpg;1;0,38416013;0,5;0
D:/GitHub/Datasets/Cats_And_Dogs/train/dogs/dog2061.jpg;1;0,14840573;0,5;0
D:/GitHub/Datasets/Cats_And_Dogs/train/dogs/dog2063.jpg;1;0,07920548;0,5;0
D:/GitHub/Datasets/Cats_And_Dogs/train/dogs/dog2069.jpg;1;0,48239556;0,5;0
D:/GitHub/Datasets/Cats_And_Dogs/train/dogs/dog2070.jpg;1;0,16352668;0,5;0
D:/GitHub/Datasets/Cats_And_Dogs/train/dogs/dog2082.jpg;1;0,12525007;0,5;0
D:/GitHub/Datasets/Cats_And_Dogs/train/dogs/dog2084.jpg;1;0,11613715;0,5;0
D:/GitHub/Datasets/Cats_And_Dogs/train/dogs/dog209.jpg;1;0,03480070;0,5;0
D:/GitHub/Datasets/Cats_And_Dogs/train/dogs/dog2093.jpg;1;0,28863400;0,5;0
D:/GitHub/Datasets/Cats_And_Dogs/train/dogs/dog2095.jpg;1;0,37852499;0,5;0
D:/GitHub/Datasets/Cats_And_Dogs/train/dogs/dog2103.jpg;1;0,19221027;0,5;0
D:/GitHub/Datasets/Cats_And_Dogs/train/dogs/dog2111.jpg;1;0,34226575;0,5;0
D:/GitHub/Datasets/Cats_And_Dogs/train/dogs/dog2120.jpg;1;0,06800578;0,5;0
D:/GitHub/Datasets/Cats_And_Dogs/train/dogs/dog2141.jpg;1;0,43297577;0,5;0
D:/GitHub/Datasets/Cats_And_Dogs/train/dogs/dog217.jpg;1;0,49744731;0,5;0
D:/GitHub/Datasets/Cats_And_Dogs/train/dogs/dog218.jpg;1;0,26081929;0,5;0
D:/GitHub/Datasets/Cats_And_Dogs/train/dogs/dog2187.jpg;1;0,25732622;0,5;0
D:/GitHub/Datasets/Cats_And_Dogs/train/dogs/dog2204.jpg;1;0,13995804;0,5;0
D:/GitHub/Datasets/Cats_And_Dogs/train/dogs/dog2206.jpg;1;0,46485391;0,5;0
D:/GitHub/Datasets/Cats_And_Dogs/train/dogs/dog2221.jpg;1;0,39326844;0,5;0
D:/GitHub/Datasets/Cats_And_Dogs/train/dogs/dog2240.jpg;1;0,37080297;0,5;0
D:/GitHub/Datasets/Cats_And_Dogs/train/dogs/dog2242.jpg;1;0,07941478;0,5;0
D:/GitHub/Datasets/Cats_And_Dogs/train/dogs/dog2243.jpg;1;0,12877356;0,5;0
D:/GitHub/Datasets/Cats_And_Dogs/train/dogs/dog225.jpg;1;0,26140958;0,5;0
D:/GitHub/Datasets/Cats_And_Dogs/train/dogs/dog2260.jpg;1;0,30083436;0,5;0
D:/GitHub/Datasets/Cats_And_Dogs/train/dogs/dog2261.jpg;1;0,27838436;0,5;0
D:/GitHub/Datasets/Cats_And_Dogs/train/dogs/dog2275.jpg;1;0,37620923;0,5;0
D:/GitHub/Datasets/Cats_And_Dogs/train/dogs/dog2297.jpg;1;0,17499673;0,5;0
D:/GitHub/Datasets/Cats_And_Dogs/train/dogs/dog2301.jpg;1;0,43452349;0,5;0
D:/GitHub/Datasets/Cats_And_Dogs/train/dogs/dog2305.jpg;1;0,06123704;0,5;0
D:/GitHub/Datasets/Cats_And_Dogs/train/dogs/dog2313.jpg;1;0,02754780;0,5;0
D:/GitHub/Datasets/Cats_And_Dogs/train/dogs/dog2315.jpg;1;0,37471372;0,5;0
D:/GitHub/Datasets/Cats_And_Dogs/train/dogs/dog2316.jpg;1;0,23963520;0,5;0
D:/GitHub/Datasets/Cats_And_Dogs/train/dogs/dog2323.jpg;1;0,40949607;0,5;0
D:/GitHub/Datasets/Cats_And_Dogs/train/dogs/dog2355.jpg;1;0,46883047;0,5;0
D:/GitHub/Datasets/Cats_And_Dogs/train/dogs/dog2356.jpg;1;0,29864836;0,5;0
D:/GitHub/Datasets/Cats_And_Dogs/train/dogs/dog2361.jpg;1;0,32551911;0,5;0
D:/GitHub/Datasets/Cats_And_Dogs/train/dogs/dog2367.jpg;1;0,16718748;0,5;0
D:/GitHub/Datasets/Cats_And_Dogs/train/dogs/dog2372.jpg;1;0,10674941;0,5;0
D:/GitHub/Datasets/Cats_And_Dogs/train/dogs/dog2393.jpg;1;0,14296670;0,5;0
D:/GitHub/Datasets/Cats_And_Dogs/train/dogs/dog2406.jpg;1;0,09601745;0,5;0
D:/GitHub/Datasets/Cats_And_Dogs/train/dogs/dog2412.jpg;1;0,43467167;0,5;0
D:/GitHub/Datasets/Cats_And_Dogs/train/dogs/dog2420.jpg;1;0,39572045;0,5;0
D:/GitHub/Datasets/Cats_And_Dogs/train/dogs/dog2430.jpg;1;0,04049149;0,5;0
D:/GitHub/Datasets/Cats_And_Dogs/train/dogs/dog245.jpg;1;0,13666314;0,5;0
D:/GitHub/Datasets/Cats_And_Dogs/train/dogs/dog2453.jpg;1;0,40894151;0,5;0
D:/GitHub/Datasets/Cats_And_Dogs/train/dogs/dog2471.jpg;1;0,33768842;0,5;0
D:/GitHub/Datasets/Cats_And_Dogs/train/dogs/dog2476.jpg;1;0,44783232;0,5;0
D:/GitHub/Datasets/Cats_And_Dogs/train/dogs/dog2489.jpg;1;0,02458215;0,5;0
D:/GitHub/Datasets/Cats_And_Dogs/train/dogs/dog2494.jpg;1;0,34318942;0,5;0
D:/GitHub/Datasets/Cats_And_Dogs/train/dogs/dog2515.jpg;1;0,18023144;0,5;0
D:/GitHub/Datasets/Cats_And_Dogs/train/dogs/dog2524.jpg;1;0,22768942;0,5;0
D:/GitHub/Datasets/Cats_And_Dogs/train/dogs/dog2525.jpg;1;0,14305064;0,5;0
D:/GitHub/Datasets/Cats_And_Dogs/train/dogs/dog2535.jpg;1;0,25628036;0,5;0
D:/GitHub/Datasets/Cats_And_Dogs/train/dogs/dog2538.jpg;1;0,38636377;0,5;0
D:/GitHub/Datasets/Cats_And_Dogs/train/dogs/dog2541.jpg;1;0,17908035;0,5;0
D:/GitHub/Datasets/Cats_And_Dogs/train/dogs/dog2547.jpg;1;0,02105882;0,5;0
D:/GitHub/Datasets/Cats_And_Dogs/train/dogs/dog2552.jpg;1;0,36924994;0,5;0
D:/GitHub/Datasets/Cats_And_Dogs/train/dogs/dog257.jpg;1;0,38254797;0,5;0
D:/GitHub/Datasets/Cats_And_Dogs/train/dogs/dog2581.jpg;1;0,35735503;0,5;0
D:/GitHub/Datasets/Cats_And_Dogs/train/dogs/dog2620.jpg;1;0,45588818;0,5;0
D:/GitHub/Datasets/Cats_And_Dogs/train/dogs/dog2627.jpg;1;0,38276321;0,5;0
D:/GitHub/Datasets/Cats_And_Dogs/train/dogs/dog265.jpg;1;0,03854064;0,5;0
D:/GitHub/Datasets/Cats_And_Dogs/train/dogs/dog2650.jpg;1;0,08751643;0,5;0
D:/GitHub/Datasets/Cats_And_Dogs/train/dogs/dog268.jpg;1;0,03665699;0,5;0
D:/GitHub/Datasets/Cats_And_Dogs/train/dogs/dog2699.jpg;1;0,36173603;0,5;0
D:/GitHub/Datasets/Cats_And_Dogs/train/dogs/dog2706.jpg;1;0,45755330;0,5;0
D:/GitHub/Datasets/Cats_And_Dogs/train/dogs/dog271.jpg;1;0,37677738;0,5;0
D:/GitHub/Datasets/Cats_And_Dogs/train/dogs/dog2720.jpg;1;0,21304822;0,5;0
D:/GitHub/Datasets/Cats_And_Dogs/train/dogs/dog2745.jpg;1;0,11132067;0,5;0
D:/GitHub/Datasets/Cats_And_Dogs/train/dogs/dog2753.jpg;1;0,42561629;0,5;0
D:/GitHub/Datasets/Cats_And_Dogs/train/dogs/dog2767.jpg;1;0,36874706;0,5;0
D:/GitHub/Datasets/Cats_And_Dogs/train/dogs/dog2770.jpg;1;0,39482006;0,5;0
D:/GitHub/Datasets/Cats_And_Dogs/train/dogs/dog2774.jpg;1;0,37872347;0,5;0
D:/GitHub/Datasets/Cats_And_Dogs/train/dogs/dog2782.jpg;1;0,04914141;0,5;0
D:/GitHub/Datasets/Cats_And_Dogs/train/dogs/dog2784.jpg;1;0,48670250;0,5;0
D:/GitHub/Datasets/Cats_And_Dogs/train/dogs/dog2795.jpg;1;0,43339631;0,5;0
D:/GitHub/Datasets/Cats_And_Dogs/train/dogs/dog2797.jpg;1;0,10821909;0,5;0
D:/GitHub/Datasets/Cats_And_Dogs/train/dogs/dog2827.jpg;1;0,07852678;0,5;0
D:/GitHub/Datasets/Cats_And_Dogs/train/dogs/dog2836.jpg;1;0,22946227;0,5;0
D:/GitHub/Datasets/Cats_And_Dogs/train/dogs/dog2839.jpg;1;0,47930819;0,5;0
D:/GitHub/Datasets/Cats_And_Dogs/train/dogs/dog2843.jpg;1;0,12930229;0,5;0
D:/GitHub/Datasets/Cats_And_Dogs/train/dogs/dog2860.jpg;1;0,48780605;0,5;0
D:/GitHub/Datasets/Cats_And_Dogs/train/dogs/dog2861.jpg;1;0,34522811;0,5;0
D:/GitHub/Datasets/Cats_And_Dogs/train/dogs/dog2875.jpg;1;0,19172202;0,5;0
D:/GitHub/Datasets/Cats_And_Dogs/train/dogs/dog2883.jpg;1;0,25259510;0,5;0
D:/GitHub/Datasets/Cats_And_Dogs/train/dogs/dog2903.jpg;1;0,49952742;0,5;0
D:/GitHub/Datasets/Cats_And_Dogs/train/dogs/dog2924.jpg;1;0,43989658;0,5;0
D:/GitHub/Datasets/Cats_And_Dogs/train/dogs/dog2925.jpg;1;0,11896764;0,5;0
D:/GitHub/Datasets/Cats_And_Dogs/train/dogs/dog293.jpg;1;0,21447018;0,5;0
D:/GitHub/Datasets/Cats_And_Dogs/train/dogs/dog2932.jpg;1;0,42399901;0,5;0
D:/GitHub/Datasets/Cats_And_Dogs/train/dogs/dog2938.jpg;1;0,08281407;0,5;0
D:/GitHub/Datasets/Cats_And_Dogs/train/dogs/dog2942.jpg;1;0,49537361;0,5;0
D:/GitHub/Datasets/Cats_And_Dogs/train/dogs/dog2949.jpg;1;0,13201231;0,5;0
D:/GitHub/Datasets/Cats_And_Dogs/train/dogs/dog296.jpg;1;0,36010402;0,5;0
D:/GitHub/Datasets/Cats_And_Dogs/train/dogs/dog2960.jpg;1;0,34456062;0,5;0
D:/GitHub/Datasets/Cats_And_Dogs/train/dogs/dog2979.jpg;1;0,15038539;0,5;0
D:/GitHub/Datasets/Cats_And_Dogs/train/dogs/dog2994.jpg;1;0,30428669;0,5;0
D:/GitHub/Datasets/Cats_And_Dogs/train/dogs/dog2997.jpg;1;0,02926171;0,5;0
D:/GitHub/Datasets/Cats_And_Dogs/train/dogs/dog3000.jpg;1;0,24762361;0,5;0
D:/GitHub/Datasets/Cats_And_Dogs/train/dogs/dog3014.jpg;1;0,34751204;0,5;0
D:/GitHub/Datasets/Cats_And_Dogs/train/dogs/dog3026.jpg;1;0,44997478;0,5;0
D:/GitHub/Datasets/Cats_And_Dogs/train/dogs/dog3029.jpg;1;0,48224396;0,5;0
D:/GitHub/Datasets/Cats_And_Dogs/train/dogs/dog3030.jpg;1;0,23864959;0,5;0
D:/GitHub/Datasets/Cats_And_Dogs/train/dogs/dog3032.jpg;1;0,22970577;0,5;0
D:/GitHub/Datasets/Cats_And_Dogs/train/dogs/dog3037.jpg;1;0,34699479;0,5;0
D:/GitHub/Datasets/Cats_And_Dogs/train/dogs/dog3041.jpg;1;0,46612957;0,5;0
D:/GitHub/Datasets/Cats_And_Dogs/train/dogs/dog3042.jpg;1;0,29568228;0,5;0
D:/GitHub/Datasets/Cats_And_Dogs/train/dogs/dog3043.jpg;1;0,25035197;0,5;0
D:/GitHub/Datasets/Cats_And_Dogs/train/dogs/dog3058.jpg;1;0,47917852;0,5;0
D:/GitHub/Datasets/Cats_And_Dogs/train/dogs/dog3060.jpg;1;0,46314690;0,5;0
D:/GitHub/Datasets/Cats_And_Dogs/train/dogs/dog3082.jpg;1;0,11170685;0,5;0
D:/GitHub/Datasets/Cats_And_Dogs/train/dogs/dog3096.jpg;1;0,16374719;0,5;0
D:/GitHub/Datasets/Cats_And_Dogs/train/dogs/dog310.jpg;1;0,24425589;0,5;0
D:/GitHub/Datasets/Cats_And_Dogs/train/dogs/dog3101.jpg;1;0,24514773;0,5;0
D:/GitHub/Datasets/Cats_And_Dogs/train/dogs/dog3109.jpg;1;0,34066758;0,5;0
D:/GitHub/Datasets/Cats_And_Dogs/train/dogs/dog3132.jpg;1;0,31735981;0,5;0
D:/GitHub/Datasets/Cats_And_Dogs/train/dogs/dog3134.jpg;1;0,21085131;0,5;0
D:/GitHub/Datasets/Cats_And_Dogs/train/dogs/dog3146.jpg;1;0,10862790;0,5;0
D:/GitHub/Datasets/Cats_And_Dogs/train/dogs/dog3158.jpg;1;0,41286895;0,5;0
D:/GitHub/Datasets/Cats_And_Dogs/train/dogs/dog3170.jpg;1;0,19933991;0,5;0
D:/GitHub/Datasets/Cats_And_Dogs/train/dogs/dog3172.jpg;1;0,26545531;0,5;0
D:/GitHub/Datasets/Cats_And_Dogs/train/dogs/dog3176.jpg;1;0,05210389;0,5;0
D:/GitHub/Datasets/Cats_And_Dogs/train/dogs/dog3184.jpg;1;0,09254548;0,5;0
D:/GitHub/Datasets/Cats_And_Dogs/train/dogs/dog3196.jpg;1;0,31300837;0,5;0
D:/GitHub/Datasets/Cats_And_Dogs/train/dogs/dog3199.jpg;1;0,25595927;0,5;0
D:/GitHub/Datasets/Cats_And_Dogs/train/dogs/dog3206.jpg;1;0,04642503;0,5;0
D:/GitHub/Datasets/Cats_And_Dogs/train/dogs/dog3256.jpg;1;0,25158688;0,5;0
D:/GitHub/Datasets/Cats_And_Dogs/train/dogs/dog3266.jpg;1;0,43048617;0,5;0
D:/GitHub/Datasets/Cats_And_Dogs/train/dogs/dog327.jpg;1;0,45828736;0,5;0
D:/GitHub/Datasets/Cats_And_Dogs/train/dogs/dog3282.jpg;1;0,18105847;0,5;0
D:/GitHub/Datasets/Cats_And_Dogs/train/dogs/dog3285.jpg;1;0,42289582;0,5;0
D:/GitHub/Datasets/Cats_And_Dogs/train/dogs/dog3300.jpg;1;0,34848532;0,5;0
D:/GitHub/Datasets/Cats_And_Dogs/train/dogs/dog3306.jpg;1;0,34806037;0,5;0
D:/GitHub/Datasets/Cats_And_Dogs/train/dogs/dog332.jpg;1;0,12877706;0,5;0
D:/GitHub/Datasets/Cats_And_Dogs/train/dogs/dog3338.jpg;1;0,46939090;0,5;0
D:/GitHub/Datasets/Cats_And_Dogs/train/dogs/dog3368.jpg;1;0,02264794;0,5;0
D:/GitHub/Datasets/Cats_And_Dogs/train/dogs/dog3380.jpg;1;0,39208093;0,5;0
D:/GitHub/Datasets/Cats_And_Dogs/train/dogs/dog3383.jpg;1;0,28856319;0,5;0
D:/GitHub/Datasets/Cats_And_Dogs/train/dogs/dog3384.jpg;1;0,01845608;0,5;0
D:/GitHub/Datasets/Cats_And_Dogs/train/dogs/dog3399.jpg;1;0,46729076;0,5;0
D:/GitHub/Datasets/Cats_And_Dogs/train/dogs/dog3421.jpg;1;0,33881530;0,5;0
D:/GitHub/Datasets/Cats_And_Dogs/train/dogs/dog3422.jpg;1;0,48379961;0,5;0
D:/GitHub/Datasets/Cats_And_Dogs/train/dogs/dog3430.jpg;1;0,08048248;0,5;0
D:/GitHub/Datasets/Cats_And_Dogs/train/dogs/dog3438.jpg;1;0,12480436;0,5;0
D:/GitHub/Datasets/Cats_And_Dogs/train/dogs/dog344.jpg;1;0,08684291;0,5;0
D:/GitHub/Datasets/Cats_And_Dogs/train/dogs/dog3440.jpg;1;0,27338624;0,5;0
D:/GitHub/Datasets/Cats_And_Dogs/train/dogs/dog3446.jpg;1;0,47352934;0,5;0
D:/GitHub/Datasets/Cats_And_Dogs/train/dogs/dog3453.jpg;1;0,22688130;0,5;0
D:/GitHub/Datasets/Cats_And_Dogs/train/dogs/dog3454.jpg;1;0,37502962;0,5;0
D:/GitHub/Datasets/Cats_And_Dogs/train/dogs/dog346.jpg;1;0,33852035;0,5;0
D:/GitHub/Datasets/Cats_And_Dogs/train/dogs/dog3472.jpg;1;0,30238581;0,5;0
D:/GitHub/Datasets/Cats_And_Dogs/train/dogs/dog3477.jpg;1;0,19773035;0,5;0
D:/GitHub/Datasets/Cats_And_Dogs/train/dogs/dog3481.jpg;1;0,30406970;0,5;0
D:/GitHub/Datasets/Cats_And_Dogs/train/dogs/dog3487.jpg;1;0,26882482;0,5;0
D:/GitHub/Datasets/Cats_And_Dogs/train/dogs/dog3501.jpg;1;0,31097630;0,5;0
D:/GitHub/Datasets/Cats_And_Dogs/train/dogs/dog3502.jpg;1;0,41579908;0,5;0
D:/GitHub/Datasets/Cats_And_Dogs/train/dogs/dog3506.jpg;1;0,49349687;0,5;0
D:/GitHub/Datasets/Cats_And_Dogs/train/dogs/dog3512.jpg;1;0,27937192;0,5;0
D:/GitHub/Datasets/Cats_And_Dogs/train/dogs/dog3523.jpg;1;0,45084521;0,5;0
D:/GitHub/Datasets/Cats_And_Dogs/train/dogs/dog3525.jpg;1;0,34843349;0,5;0
D:/GitHub/Datasets/Cats_And_Dogs/train/dogs/dog3539.jpg;1;0,27406940;0,5;0
D:/GitHub/Datasets/Cats_And_Dogs/train/dogs/dog3544.jpg;1;0,07056622;0,5;0
D:/GitHub/Datasets/Cats_And_Dogs/train/dogs/dog3546.jpg;1;0,49501783;0,5;0
D:/GitHub/Datasets/Cats_And_Dogs/train/dogs/dog3565.jpg;1;0,29671842;0,5;0
D:/GitHub/Datasets/Cats_And_Dogs/train/dogs/dog3576.jpg;1;0,18163328;0,5;0
D:/GitHub/Datasets/Cats_And_Dogs/train/dogs/dog3583.jpg;1;0,40195790;0,5;0
D:/GitHub/Datasets/Cats_And_Dogs/train/dogs/dog3592.jpg;1;0,47056165;0,5;0
D:/GitHub/Datasets/Cats_And_Dogs/train/dogs/dog3593.jpg;1;0,19597730;0,5;0
D:/GitHub/Datasets/Cats_And_Dogs/train/dogs/dog3601.jpg;1;0,15077491;0,5;0
D:/GitHub/Datasets/Cats_And_Dogs/train/dogs/dog3640.jpg;1;0,23119685;0,5;0
D:/GitHub/Datasets/Cats_And_Dogs/train/dogs/dog3663.jpg;1;0,44077957;0,5;0
D:/GitHub/Datasets/Cats_And_Dogs/train/dogs/dog3665.jpg;1;0,09008428;0,5;0
D:/GitHub/Datasets/Cats_And_Dogs/train/dogs/dog3675.jpg;1;0,40405664;0,5;0
D:/GitHub/Datasets/Cats_And_Dogs/train/dogs/dog3688.jpg;1;0,30270538;0,5;0
D:/GitHub/Datasets/Cats_And_Dogs/train/dogs/dog3694.jpg;1;0,26464602;0,5;0
D:/GitHub/Datasets/Cats_And_Dogs/train/dogs/dog37.jpg;1;0,15327950;0,5;0
D:/GitHub/Datasets/Cats_And_Dogs/train/dogs/dog3713.jpg;1;0,25473261;0,5;0
D:/GitHub/Datasets/Cats_And_Dogs/train/dogs/dog3723.jpg;1;0,40096509;0,5;0
D:/GitHub/Datasets/Cats_And_Dogs/train/dogs/dog3761.jpg;1;0,49911961;0,5;0
D:/GitHub/Datasets/Cats_And_Dogs/train/dogs/dog3762.jpg;1;0,39383540;0,5;0
D:/GitHub/Datasets/Cats_And_Dogs/train/dogs/dog3780.jpg;1;0,11378638;0,5;0
D:/GitHub/Datasets/Cats_And_Dogs/train/dogs/dog381.jpg;1;0,37688294;0,5;0
D:/GitHub/Datasets/Cats_And_Dogs/train/dogs/dog3816.jpg;1;0,33583465;0,5;0
D:/GitHub/Datasets/Cats_And_Dogs/train/dogs/dog382.jpg;1;0,47707796;0,5;0
D:/GitHub/Datasets/Cats_And_Dogs/train/dogs/dog3821.jpg;1;0,14906724;0,5;0
D:/GitHub/Datasets/Cats_And_Dogs/train/dogs/dog3828.jpg;1;0,46023512;0,5;0
D:/GitHub/Datasets/Cats_And_Dogs/train/dogs/dog3832.jpg;1;0,27055776;0,5;0
D:/GitHub/Datasets/Cats_And_Dogs/train/dogs/dog3842.jpg;1;0,31323668;0,5;0
D:/GitHub/Datasets/Cats_And_Dogs/train/dogs/dog385.jpg;1;0,30189475;0,5;0
D:/GitHub/Datasets/Cats_And_Dogs/train/dogs/dog3851.jpg;1;0,44883221;0,5;0
D:/GitHub/Datasets/Cats_And_Dogs/train/dogs/dog3855.jpg;1;0,27460510;0,5;0
D:/GitHub/Datasets/Cats_And_Dogs/train/dogs/dog3874.jpg;1;0,40092310;0,5;0
D:/GitHub/Datasets/Cats_And_Dogs/train/dogs/dog3896.jpg;1;0,19396298;0,5;0
D:/GitHub/Datasets/Cats_And_Dogs/train/dogs/dog3907.jpg;1;0,25998384;0,5;0
D:/GitHub/Datasets/Cats_And_Dogs/train/dogs/dog3920.jpg;1;0,19373633;0,5;0
D:/GitHub/Datasets/Cats_And_Dogs/train/dogs/dog3925.jpg;1;0,47165161;0,5;0
D:/GitHub/Datasets/Cats_And_Dogs/train/dogs/dog3947.jpg;1;0,45975724;0,5;0
D:/GitHub/Datasets/Cats_And_Dogs/train/dogs/dog3948.jpg;1;0,18359779;0,5;0
D:/GitHub/Datasets/Cats_And_Dogs/train/dogs/dog3957.jpg;1;0,21791470;0,5;0
D:/GitHub/Datasets/Cats_And_Dogs/train/dogs/dog3973.jpg;1;0,29426417;0,5;0
D:/GitHub/Datasets/Cats_And_Dogs/train/dogs/dog3975.jpg;1;0,15971357;0,5;0
D:/GitHub/Datasets/Cats_And_Dogs/train/dogs/dog3980.jpg;1;0,02830235;0,5;0
D:/GitHub/Datasets/Cats_And_Dogs/train/dogs/dog3989.jpg;1;0,35622925;0,5;0
D:/GitHub/Datasets/Cats_And_Dogs/train/dogs/dog3997.jpg;1;0,06851245;0,5;0
D:/GitHub/Datasets/Cats_And_Dogs/train/dogs/dog4.jpg;1;0,14030564;0,5;0
D:/GitHub/Datasets/Cats_And_Dogs/train/dogs/dog4014.jpg;1;0,13995993;0,5;0
D:/GitHub/Datasets/Cats_And_Dogs/train/dogs/dog4040.jpg;1;0,24354997;0,5;0
D:/GitHub/Datasets/Cats_And_Dogs/train/dogs/dog4042.jpg;1;0,26444659;0,5;0
D:/GitHub/Datasets/Cats_And_Dogs/train/dogs/dog4058.jpg;1;0,13182105;0,5;0
D:/GitHub/Datasets/Cats_And_Dogs/train/dogs/dog4072.jpg;1;0,49452162;0,5;0
D:/GitHub/Datasets/Cats_And_Dogs/train/dogs/dog4087.jpg;1;0,48487374;0,5;0
D:/GitHub/Datasets/Cats_And_Dogs/train/dogs/dog4098.jpg;1;0,44884452;0,5;0
D:/GitHub/Datasets/Cats_And_Dogs/train/dogs/dog4104.jpg;1;0,39974952;0,5;0
D:/GitHub/Datasets/Cats_And_Dogs/train/dogs/dog4109.jpg;1;0,05499597;0,5;0
D:/GitHub/Datasets/Cats_And_Dogs/train/dogs/dog4131.jpg;1;0,14553717;0,5;0
D:/GitHub/Datasets/Cats_And_Dogs/train/dogs/dog4142.jpg;1;0,16992491;0,5;0
D:/GitHub/Datasets/Cats_And_Dogs/train/dogs/dog4157.jpg;1;0,46682629;0,5;0
D:/GitHub/Datasets/Cats_And_Dogs/train/dogs/dog4159.jpg;1;0,02985145;0,5;0
D:/GitHub/Datasets/Cats_And_Dogs/train/dogs/dog416.jpg;1;0,08501159;0,5;0
D:/GitHub/Datasets/Cats_And_Dogs/train/dogs/dog4171.jpg;1;0,09511472;0,5;0
D:/GitHub/Datasets/Cats_And_Dogs/train/dogs/dog4178.jpg;1;0,33088449;0,5;0
D:/GitHub/Datasets/Cats_And_Dogs/train/dogs/dog4187.jpg;1;0,40794924;0,5;0
D:/GitHub/Datasets/Cats_And_Dogs/train/dogs/dog4194.jpg;1;0,16018026;0,5;0
D:/GitHub/Datasets/Cats_And_Dogs/train/dogs/dog4219.jpg;1;0,45800632;0,5;0
D:/GitHub/Datasets/Cats_And_Dogs/train/dogs/dog4225.jpg;1;0,17994162;0,5;0
D:/GitHub/Datasets/Cats_And_Dogs/train/dogs/dog4231.jpg;1;0,45558518;0,5;0
D:/GitHub/Datasets/Cats_And_Dogs/train/dogs/dog4242.jpg;1;0,36456540;0,5;0
D:/GitHub/Datasets/Cats_And_Dogs/train/dogs/dog4264.jpg;1;0,30548805;0,5;0
D:/GitHub/Datasets/Cats_And_Dogs/train/dogs/dog4274.jpg;1;0,25927198;0,5;0
D:/GitHub/Datasets/Cats_And_Dogs/train/dogs/dog4275.jpg;1;0,37469715;0,5;0
D:/GitHub/Datasets/Cats_And_Dogs/train/dogs/dog4282.jpg;1;0,38435954;0,5;0
D:/GitHub/Datasets/Cats_And_Dogs/train/dogs/dog4297.jpg;1;0,31971607;0,5;0
D:/GitHub/Datasets/Cats_And_Dogs/train/dogs/dog4298.jpg;1;0,07113738;0,5;0
D:/GitHub/Datasets/Cats_And_Dogs/train/dogs/dog430.jpg;1;0,21520612;0,5;0
D:/GitHub/Datasets/Cats_And_Dogs/train/dogs/dog4301.jpg;1;0,30839324;0,5;0
D:/GitHub/Datasets/Cats_And_Dogs/train/dogs/dog4311.jpg;1;0,10481848;0,5;0
D:/GitHub/Datasets/Cats_And_Dogs/train/dogs/dog4330.jpg;1;0,29920486;0,5;0
D:/GitHub/Datasets/Cats_And_Dogs/train/dogs/dog4338.jpg;1;0,14613199;0,5;0
D:/GitHub/Datasets/Cats_And_Dogs/train/dogs/dog434.jpg;1;0,30024773;0,5;0
D:/GitHub/Datasets/Cats_And_Dogs/train/dogs/dog4342.jpg;1;0,32432273;0,5;0
D:/GitHub/Datasets/Cats_And_Dogs/train/dogs/dog4349.jpg;1;0,28432530;0,5;0
D:/GitHub/Datasets/Cats_And_Dogs/train/dogs/dog4357.jpg;1;0,41689214;0,5;0
D:/GitHub/Datasets/Cats_And_Dogs/train/dogs/dog4366.jpg;1;0,43841928;0,5;0
D:/GitHub/Datasets/Cats_And_Dogs/train/dogs/dog437.jpg;1;0,46325994;0,5;0
D:/GitHub/Datasets/Cats_And_Dogs/train/dogs/dog4378.jpg;1;0,21094853;0,5;0
D:/GitHub/Datasets/Cats_And_Dogs/train/dogs/dog4383.jpg;1;0,46146441;0,5;0
D:/GitHub/Datasets/Cats_And_Dogs/train/dogs/dog4392.jpg;1;0,17509273;0,5;0
D:/GitHub/Datasets/Cats_And_Dogs/train/dogs/dog443.jpg;1;0,39351323;0,5;0
D:/GitHub/Datasets/Cats_And_Dogs/train/dogs/dog4433.jpg;1;0,45420343;0,5;0
D:/GitHub/Datasets/Cats_And_Dogs/train/dogs/dog4440.jpg;1;0,39372426;0,5;0
D:/GitHub/Datasets/Cats_And_Dogs/train/dogs/dog4442.jpg;1;0,18763226;0,5;0
D:/GitHub/Datasets/Cats_And_Dogs/train/dogs/dog4455.jpg;1;0,46934810;0,5;0
D:/GitHub/Datasets/Cats_And_Dogs/train/dogs/dog4489.jpg;1;0,37697339;0,5;0
D:/GitHub/Datasets/Cats_And_Dogs/train/dogs/dog454.jpg;1;0,16174489;0,5;0
D:/GitHub/Datasets/Cats_And_Dogs/train/dogs/dog460.jpg;1;0,47497949;0,5;0
D:/GitHub/Datasets/Cats_And_Dogs/train/dogs/dog468.jpg;1;0,35717383;0,5;0
D:/GitHub/Datasets/Cats_And_Dogs/train/dogs/dog472.jpg;1;0,36508644;0,5;0
D:/GitHub/Datasets/Cats_And_Dogs/train/dogs/dog476.jpg;1;0,47932222;0,5;0
D:/GitHub/Datasets/Cats_And_Dogs/train/dogs/dog495.jpg;1;0,27566990;0,5;0
D:/GitHub/Datasets/Cats_And_Dogs/train/dogs/dog499.jpg;1;0,40502453;0,5;0
D:/GitHub/Datasets/Cats_And_Dogs/train/dogs/dog50.jpg;1;0,05649163;0,5;0
D:/GitHub/Datasets/Cats_And_Dogs/train/dogs/dog508.jpg;1;0,35760647;0,5;0
D:/GitHub/Datasets/Cats_And_Dogs/train/dogs/dog510.jpg;1;0,10146964;0,5;0
D:/GitHub/Datasets/Cats_And_Dogs/train/dogs/dog518.jpg;1;0,48674062;0,5;0
D:/GitHub/Datasets/Cats_And_Dogs/train/dogs/dog525.jpg;1;0,14495203;0,5;0
D:/GitHub/Datasets/Cats_And_Dogs/train/dogs/dog527.jpg;1;0,43684596;0,5;0
D:/GitHub/Datasets/Cats_And_Dogs/train/dogs/dog531.jpg;1;0,40792078;0,5;0
D:/GitHub/Datasets/Cats_And_Dogs/train/dogs/dog536.jpg;1;0,09458002;0,5;0
D:/GitHub/Datasets/Cats_And_Dogs/train/dogs/dog538.jpg;1;0,37667876;0,5;0
D:/GitHub/Datasets/Cats_And_Dogs/train/dogs/dog555.jpg;1;0,47212273;0,5;0
D:/GitHub/Datasets/Cats_And_Dogs/train/dogs/dog560.jpg;1;0,41519400;0,5;0
D:/GitHub/Datasets/Cats_And_Dogs/train/dogs/dog564.jpg;1;0,45001009;0,5;0
D:/GitHub/Datasets/Cats_And_Dogs/train/dogs/dog569.jpg;1;0,21929148;0,5;0
D:/GitHub/Datasets/Cats_And_Dogs/train/dogs/dog579.jpg;1;0,02183529;0,5;0
D:/GitHub/Datasets/Cats_And_Dogs/train/dogs/dog580.jpg;1;0,16388695;0,5;0
D:/GitHub/Datasets/Cats_And_Dogs/train/dogs/dog584.jpg;1;0,11574151;0,5;0
D:/GitHub/Datasets/Cats_And_Dogs/train/dogs/dog586.jpg;1;0,41739535;0,5;0
D:/GitHub/Datasets/Cats_And_Dogs/train/dogs/dog605.jpg;1;0,21909498;0,5;0
D:/GitHub/Datasets/Cats_And_Dogs/train/dogs/dog611.jpg;1;0,29688153;0,5;0
D:/GitHub/Datasets/Cats_And_Dogs/train/dogs/dog626.jpg;1;0,26047102;0,5;0
D:/GitHub/Datasets/Cats_And_Dogs/train/dogs/dog63.jpg;1;0,08569898;0,5;0
D:/GitHub/Datasets/Cats_And_Dogs/train/dogs/dog632.jpg;1;0,13844196;0,5;0
D:/GitHub/Datasets/Cats_And_Dogs/train/dogs/dog634.jpg;1;0,44563299;0,5;0
D:/GitHub/Datasets/Cats_And_Dogs/train/dogs/dog645.jpg;1;0,18217169;0,5;0
D:/GitHub/Datasets/Cats_And_Dogs/train/dogs/dog649.jpg;1;0,36461976;0,5;0
D:/GitHub/Datasets/Cats_And_Dogs/train/dogs/dog65.jpg;1;0,18211745;0,5;0
D:/GitHub/Datasets/Cats_And_Dogs/train/dogs/dog651.jpg;1;0,19939420;0,5;0
D:/GitHub/Datasets/Cats_And_Dogs/train/dogs/dog663.jpg;1;0,05054196;0,5;0
D:/GitHub/Datasets/Cats_And_Dogs/train/dogs/dog665.jpg;1;0,18799894;0,5;0
D:/GitHub/Datasets/Cats_And_Dogs/train/dogs/dog668.jpg;1;0,43573669;0,5;0
D:/GitHub/Datasets/Cats_And_Dogs/train/dogs/dog719.jpg;1;0,29330924;0,5;0
D:/GitHub/Datasets/Cats_And_Dogs/train/dogs/dog735.jpg;1;0,14298886;0,5;0
D:/GitHub/Datasets/Cats_And_Dogs/train/dogs/dog750.jpg;1;0,24875200;0,5;0
D:/GitHub/Datasets/Cats_And_Dogs/train/dogs/dog753.jpg;1;0,38204923;0,5;0
D:/GitHub/Datasets/Cats_And_Dogs/train/dogs/dog760.jpg;1;0,01361581;0,5;0
D:/GitHub/Datasets/Cats_And_Dogs/train/dogs/dog771.jpg;1;0,30393675;0,5;0
D:/GitHub/Datasets/Cats_And_Dogs/train/dogs/dog780.jpg;1;0,34529141;0,5;0
D:/GitHub/Datasets/Cats_And_Dogs/train/dogs/dog784.jpg;1;0,48563358;0,5;0
D:/GitHub/Datasets/Cats_And_Dogs/train/dogs/dog786.jpg;1;0,42690825;0,5;0
D:/GitHub/Datasets/Cats_And_Dogs/train/dogs/dog797.jpg;1;0,20993046;0,5;0
D:/GitHub/Datasets/Cats_And_Dogs/train/dogs/dog805.jpg;1;0,17309430;0,5;0
D:/GitHub/Datasets/Cats_And_Dogs/train/dogs/dog809.jpg;1;0,37551045;0,5;0
D:/GitHub/Datasets/Cats_And_Dogs/train/dogs/dog82.jpg;1;0,13923873;0,5;0
D:/GitHub/Datasets/Cats_And_Dogs/train/dogs/dog833.jpg;1;0,19236121;0,5;0
D:/GitHub/Datasets/Cats_And_Dogs/train/dogs/dog844.jpg;1;0,47845548;0,5;0
D:/GitHub/Datasets/Cats_And_Dogs/train/dogs/dog85.jpg;1;0,09506290;0,5;0
D:/GitHub/Datasets/Cats_And_Dogs/train/dogs/dog90.jpg;1;0,23434813;0,5;0
D:/GitHub/Datasets/Cats_And_Dogs/train/dogs/dog907.jpg;1;0,21284477;0,5;0
D:/GitHub/Datasets/Cats_And_Dogs/train/dogs/dog908.jpg;1;0,19526389;0,5;0
D:/GitHub/Datasets/Cats_And_Dogs/train/dogs/dog926.jpg;1;0,25710222;0,5;0
D:/GitHub/Datasets/Cats_And_Dogs/train/dogs/dog927.jpg;1;0,47911179;0,5;0
D:/GitHub/Datasets/Cats_And_Dogs/train/dogs/dog93.jpg;1;0,29014587;0,5;0
D:/GitHub/Datasets/Cats_And_Dogs/train/dogs/dog936.jpg;1;0,37728265;0,5;0
D:/GitHub/Datasets/Cats_And_Dogs/train/dogs/dog94.jpg;1;0,04532583;0,5;0
D:/GitHub/Datasets/Cats_And_Dogs/train/dogs/dog961.jpg;1;0,29528275;0,5;0
D:/GitHub/Datasets/Cats_And_Dogs/train/dogs/dog978.jpg;1;0,20495458;0,5;0
D:/GitHub/Datasets/Cats_And_Dogs/train/dogs/dog988.jpg;1;0,26666072;0,5;0
D:/GitHub/Datasets/Cats_And_Dogs/train/dogs/dog998.jpg;1;0,11343258;0,5;0
